ts,price,volume
2025-11-07 03:45:00+00:00,2985.85009765625,0.0
2025-11-07 03:46:00+00:00,2974.75,974.0
2025-11-07 03:47:00+00:00,2977.89990234375,1469.0
2025-11-07 03:48:00+00:00,2979.0,566.0
2025-11-07 03:49:00+00:00,2976.699951171875,846.0
2025-11-07 03:50:00+00:00,2973.0,2548.0
2025-11-07 03:51:00+00:00,2975.0,1077.0
2025-11-07 03:52:00+00:00,2971.0,1022.0
2025-11-07 03:53:00+00:00,2964.35009765625,2625.0
2025-11-07 03:54:00+00:00,2964.949951171875,1135.0
2025-11-07 03:55:00+00:00,2968.0,362.0
2025-11-07 03:56:00+00:00,2966.10009765625,816.0
2025-11-07 03:57:00+00:00,2971.550048828125,285.0
2025-11-07 03:58:00+00:00,2971.800048828125,323.0
2025-11-07 03:59:00+00:00,2972.89990234375,339.0
2025-11-07 04:00:00+00:00,2972.0,96.0
2025-11-07 04:01:00+00:00,2973.0,658.0
2025-11-07 04:02:00+00:00,2967.0,805.0
2025-11-07 04:03:00+00:00,2967.0,350.0
2025-11-07 04:04:00+00:00,2962.75,1187.0
2025-11-07 04:05:00+00:00,2962.64990234375,452.0
2025-11-07 04:06:00+00:00,2964.0,921.0
2025-11-07 04:07:00+00:00,2965.300048828125,1486.0
2025-11-07 04:08:00+00:00,2966.5,195.0
2025-11-07 04:09:00+00:00,2966.199951171875,359.0
2025-11-07 04:10:00+00:00,2967.699951171875,257.0
2025-11-07 04:11:00+00:00,2968.949951171875,129.0
2025-11-07 04:12:00+00:00,2968.699951171875,201.0
2025-11-07 04:13:00+00:00,2969.89990234375,376.0
2025-11-07 04:14:00+00:00,2971.35009765625,647.0
2025-11-07 04:15:00+00:00,2970.050048828125,136.0
2025-11-07 04:16:00+00:00,2970.14990234375,414.0
2025-11-07 04:17:00+00:00,2972.85009765625,242.0
2025-11-07 04:18:00+00:00,2971.199951171875,142.0
2025-11-07 04:19:00+00:00,2971.550048828125,144.0
2025-11-07 04:20:00+00:00,2972.60009765625,63.0
2025-11-07 04:21:00+00:00,2970.25,193.0
2025-11-07 04:22:00+00:00,2972.25,149.0
2025-11-07 04:23:00+00:00,2972.10009765625,109.0
2025-11-07 04:24:00+00:00,2970.0,715.0
2025-11-07 04:25:00+00:00,2969.199951171875,165.0
2025-11-07 04:26:00+00:00,2968.75,102.0
2025-11-07 04:27:00+00:00,2966.85009765625,591.0
2025-11-07 04:28:00+00:00,2968.14990234375,661.0
2025-11-07 04:29:00+00:00,2965.199951171875,385.0
2025-11-07 04:30:00+00:00,2961.800048828125,3562.0
2025-11-07 04:31:00+00:00,2962.14990234375,133.0
2025-11-07 04:32:00+00:00,2964.550048828125,108.0
2025-11-07 04:33:00+00:00,2963.35009765625,355.0
2025-11-07 04:34:00+00:00,2964.5,3092.0
2025-11-07 04:35:00+00:00,2964.75,96.0
2025-11-07 04:36:00+00:00,2968.5,125.0
2025-11-07 04:37:00+00:00,2967.449951171875,67.0
2025-11-07 04:38:00+00:00,2966.89990234375,90.0
2025-11-07 04:39:00+00:00,2965.89990234375,221.0
2025-11-07 04:40:00+00:00,2965.39990234375,72.0
2025-11-07 04:41:00+00:00,2966.89990234375,208.0
2025-11-07 04:42:00+00:00,2966.300048828125,83.0
2025-11-07 04:43:00+00:00,2966.800048828125,229.0
2025-11-07 04:44:00+00:00,2971.0,104.0
2025-11-07 04:45:00+00:00,2972.35009765625,221.0
2025-11-07 04:46:00+00:00,2973.0,129.0
2025-11-07 04:47:00+00:00,2973.35009765625,260.0
2025-11-07 04:48:00+00:00,2973.300048828125,137.0
2025-11-07 04:49:00+00:00,2973.85009765625,62.0
2025-11-07 04:50:00+00:00,2972.949951171875,193.0
2025-11-07 04:51:00+00:00,2971.949951171875,61.0
2025-11-07 04:52:00+00:00,2971.199951171875,262.0
2025-11-07 04:53:00+00:00,2971.60009765625,39.0
2025-11-07 04:54:00+00:00,2972.300048828125,106.0
2025-11-07 04:55:00+00:00,2971.0,108.0
2025-11-07 04:56:00+00:00,2971.5,108.0
2025-11-07 04:57:00+00:00,2970.89990234375,265.0
2025-11-07 04:58:00+00:00,2971.85009765625,46.0
2025-11-07 04:59:00+00:00,2972.0,52.0
2025-11-07 05:00:00+00:00,2969.25,156.0
2025-11-07 05:01:00+00:00,2969.75,111.0
2025-11-07 05:02:00+00:00,2970.199951171875,71.0
2025-11-07 05:03:00+00:00,2970.10009765625,168.0
2025-11-07 05:04:00+00:00,2973.60009765625,47.0
2025-11-07 05:05:00+00:00,2973.64990234375,258.0
2025-11-07 05:06:00+00:00,2973.300048828125,42.0
2025-11-07 05:07:00+00:00,2973.699951171875,51.0
2025-11-07 05:08:00+00:00,2970.449951171875,145.0
2025-11-07 05:09:00+00:00,2974.64990234375,155.0
2025-11-07 05:10:00+00:00,2975.0,175.0
2025-11-07 05:11:00+00:00,2975.050048828125,280.0
2025-11-07 05:12:00+00:00,2974.949951171875,77.0
2025-11-07 05:13:00+00:00,2976.0,299.0
2025-11-07 05:14:00+00:00,2975.949951171875,121.0
2025-11-07 05:15:00+00:00,2975.14990234375,79.0
2025-11-07 05:16:00+00:00,2977.64990234375,365.0
2025-11-07 05:17:00+00:00,2978.0,186.0
2025-11-07 05:18:00+00:00,2977.800048828125,189.0
2025-11-07 05:19:00+00:00,2977.0,50.0
2025-11-07 05:20:00+00:00,2976.0,45.0
2025-11-07 05:21:00+00:00,2975.89990234375,102.0
2025-11-07 05:22:00+00:00,2975.800048828125,58.0
2025-11-07 05:23:00+00:00,2975.199951171875,130.0
2025-11-07 05:24:00+00:00,2976.949951171875,109.0
2025-11-07 05:25:00+00:00,2976.800048828125,53.0
2025-11-07 05:26:00+00:00,2976.199951171875,160.0
2025-11-07 05:27:00+00:00,2976.0,17.0
2025-11-07 05:28:00+00:00,2975.0,111.0
2025-11-07 05:29:00+00:00,2975.0,85.0
2025-11-07 05:30:00+00:00,2976.60009765625,241.0
2025-11-07 05:31:00+00:00,2976.60009765625,34.0
2025-11-07 05:32:00+00:00,2976.14990234375,63.0
2025-11-07 05:33:00+00:00,2976.89990234375,51.0
2025-11-07 05:34:00+00:00,2976.550048828125,87.0
2025-11-07 05:35:00+00:00,2975.64990234375,13.0
2025-11-07 05:36:00+00:00,2974.60009765625,311.0
2025-11-07 05:37:00+00:00,2974.699951171875,31.0
2025-11-07 05:38:00+00:00,2976.300048828125,23.0
2025-11-07 05:39:00+00:00,2976.64990234375,66.0
2025-11-07 05:40:00+00:00,2976.75,98.0
2025-11-07 05:41:00+00:00,2977.699951171875,49.0
2025-11-07 05:42:00+00:00,2979.800048828125,75.0
2025-11-07 05:43:00+00:00,2978.5,60.0
2025-11-07 05:44:00+00:00,2979.35009765625,97.0
2025-11-07 05:45:00+00:00,2977.5,66.0
2025-11-07 05:46:00+00:00,2979.0,126.0
2025-11-07 05:47:00+00:00,2976.64990234375,72.0
2025-11-07 05:48:00+00:00,2978.550048828125,108.0
2025-11-07 05:49:00+00:00,2978.75,36.0
2025-11-07 05:50:00+00:00,2978.949951171875,39.0
2025-11-07 05:51:00+00:00,2978.0,64.0
2025-11-07 05:52:00+00:00,2980.0,2126.0
2025-11-07 05:53:00+00:00,2978.75,354.0
2025-11-07 05:54:00+00:00,2979.75,19.0
2025-11-07 05:55:00+00:00,2980.0,78.0
2025-11-07 05:56:00+00:00,2980.050048828125,151.0
2025-11-07 05:57:00+00:00,2979.949951171875,35.0
2025-11-07 05:58:00+00:00,2978.75,17.0
2025-11-07 05:59:00+00:00,2979.75,318.0
2025-11-07 06:00:00+00:00,2980.10009765625,69.0
2025-11-07 06:01:00+00:00,2980.25,103.0
2025-11-07 06:02:00+00:00,2980.35009765625,36.0
2025-11-07 06:03:00+00:00,2978.0,122.0
2025-11-07 06:04:00+00:00,2978.0,78.0
2025-11-07 06:05:00+00:00,2979.0,21.0
2025-11-07 06:06:00+00:00,2978.949951171875,70.0
2025-11-07 06:07:00+00:00,2978.39990234375,148.0
2025-11-07 06:08:00+00:00,2978.0,25.0
2025-11-07 06:09:00+00:00,2978.10009765625,261.0
2025-11-07 06:10:00+00:00,2976.89990234375,167.0
2025-11-07 06:11:00+00:00,2977.0,58.0
2025-11-07 06:12:00+00:00,2977.949951171875,111.0
2025-11-07 06:13:00+00:00,2976.800048828125,95.0
2025-11-07 06:14:00+00:00,2976.0,24.0
2025-11-07 06:15:00+00:00,2976.0,4167.0
2025-11-07 06:16:00+00:00,2978.60009765625,541.0
2025-11-07 06:17:00+00:00,2979.0,20.0
2025-11-07 06:18:00+00:00,2978.0,51.0
2025-11-07 06:19:00+00:00,2974.60009765625,378.0
2025-11-07 06:20:00+00:00,2974.10009765625,55.0
2025-11-07 06:21:00+00:00,2974.5,825.0
2025-11-07 06:22:00+00:00,2975.0,340.0
2025-11-07 06:23:00+00:00,2976.199951171875,249.0
2025-11-07 06:24:00+00:00,2977.64990234375,46.0
2025-11-07 06:25:00+00:00,2977.699951171875,55.0
2025-11-07 06:26:00+00:00,2978.85009765625,43.0
2025-11-07 06:27:00+00:00,2976.800048828125,192.0
2025-11-07 06:28:00+00:00,2977.050048828125,15.0
2025-11-07 06:29:00+00:00,2977.050048828125,85.0
2025-11-07 06:30:00+00:00,2976.449951171875,215.0
2025-11-07 06:31:00+00:00,2978.050048828125,169.0
2025-11-07 06:32:00+00:00,2976.60009765625,17.0
2025-11-07 06:33:00+00:00,2976.550048828125,37.0
2025-11-07 06:34:00+00:00,2975.300048828125,79.0
2025-11-07 06:35:00+00:00,2976.35009765625,49.0
2025-11-07 06:36:00+00:00,2976.0,44.0
2025-11-07 06:37:00+00:00,2975.0,28.0
2025-11-07 06:38:00+00:00,2976.199951171875,5.0
2025-11-07 06:39:00+00:00,2975.75,137.0
2025-11-07 06:40:00+00:00,2976.64990234375,25.0
2025-11-07 06:41:00+00:00,2976.5,35.0
2025-11-07 06:42:00+00:00,2976.64990234375,47.0
2025-11-07 06:43:00+00:00,2975.550048828125,96.0
2025-11-07 06:44:00+00:00,2976.0,544.0
2025-11-07 06:45:00+00:00,2976.85009765625,56.0
2025-11-07 06:46:00+00:00,2977.10009765625,3100.0
2025-11-07 06:47:00+00:00,2976.10009765625,96.0
2025-11-07 06:48:00+00:00,2977.800048828125,7.0
2025-11-07 06:49:00+00:00,2978.050048828125,20.0
2025-11-07 06:50:00+00:00,2979.10009765625,63.0
2025-11-07 06:51:00+00:00,2978.949951171875,140.0
2025-11-07 06:52:00+00:00,2977.050048828125,1833.0
2025-11-07 06:53:00+00:00,2976.5,129.0
2025-11-07 06:54:00+00:00,2976.0,30.0
2025-11-07 06:55:00+00:00,2975.050048828125,74.0
2025-11-07 06:56:00+00:00,2977.050048828125,27.0
2025-11-07 06:57:00+00:00,2977.050048828125,360.0
2025-11-07 06:58:00+00:00,2979.14990234375,877.0
2025-11-07 06:59:00+00:00,2979.699951171875,101.0
2025-11-07 07:00:00+00:00,2979.10009765625,225.0
2025-11-07 07:01:00+00:00,2978.0,327.0
2025-11-07 07:02:00+00:00,2978.0,54.0
2025-11-07 07:03:00+00:00,2977.449951171875,60.0
2025-11-07 07:04:00+00:00,2977.5,47.0
2025-11-07 07:05:00+00:00,2977.35009765625,16.0
2025-11-07 07:06:00+00:00,2976.64990234375,158.0
2025-11-07 07:07:00+00:00,2976.25,154.0
2025-11-07 07:08:00+00:00,2976.199951171875,53.0
2025-11-07 07:09:00+00:00,2978.35009765625,17.0
2025-11-07 07:10:00+00:00,2979.89990234375,86.0
2025-11-07 07:11:00+00:00,2979.89990234375,35.0
2025-11-07 07:12:00+00:00,2980.0,56.0
2025-11-07 07:13:00+00:00,2981.949951171875,130.0
2025-11-07 07:14:00+00:00,2981.0,20.0
2025-11-07 07:15:00+00:00,2980.5,28.0
2025-11-07 07:16:00+00:00,2981.550048828125,45.0
2025-11-07 07:17:00+00:00,2980.0,53.0
2025-11-07 07:18:00+00:00,2978.60009765625,48.0
2025-11-07 07:19:00+00:00,2980.800048828125,80.0
2025-11-07 07:20:00+00:00,2980.0,45.0
2025-11-07 07:21:00+00:00,2980.25,25.0
2025-11-07 07:22:00+00:00,2980.0,41.0
2025-11-07 07:23:00+00:00,2976.0,288.0
2025-11-07 07:24:00+00:00,2976.0,982.0
2025-11-07 07:25:00+00:00,2975.39990234375,127.0
2025-11-07 07:26:00+00:00,2976.199951171875,68.0
2025-11-07 07:27:00+00:00,2977.199951171875,183.0
2025-11-07 07:28:00+00:00,2975.449951171875,349.0
2025-11-07 07:29:00+00:00,2975.699951171875,67.0
2025-11-07 07:30:00+00:00,2976.0,590.0
2025-11-07 07:31:00+00:00,2976.0,85.0
2025-11-07 07:32:00+00:00,2976.0,22.0
2025-11-07 07:33:00+00:00,2976.0,3610.0
2025-11-07 07:34:00+00:00,2975.85009765625,168.0
2025-11-07 07:35:00+00:00,2976.0,160.0
2025-11-07 07:36:00+00:00,2975.949951171875,84.0
2025-11-07 07:37:00+00:00,2975.0,819.0
2025-11-07 07:38:00+00:00,2975.0,2176.0
2025-11-07 07:39:00+00:00,2975.0,8955.0
2025-11-07 07:40:00+00:00,2975.35009765625,7609.0
2025-11-07 07:41:00+00:00,2975.949951171875,423.0
2025-11-07 07:42:00+00:00,2975.050048828125,130.0
2025-11-07 07:43:00+00:00,2975.0,55.0
2025-11-07 07:44:00+00:00,2976.300048828125,122.0
2025-11-07 07:45:00+00:00,2976.0,125.0
2025-11-07 07:46:00+00:00,2976.0,442.0
2025-11-07 07:47:00+00:00,2976.35009765625,1144.0
2025-11-07 07:48:00+00:00,2975.89990234375,74.0
2025-11-07 07:49:00+00:00,2975.89990234375,90.0
2025-11-07 07:50:00+00:00,2975.0,54.0
2025-11-07 07:51:00+00:00,2976.0,238.0
2025-11-07 07:52:00+00:00,2976.0,519.0
2025-11-07 07:53:00+00:00,2976.5,318.0
2025-11-07 07:54:00+00:00,2976.0,80.0
2025-11-07 07:55:00+00:00,2976.0,1425.0
2025-11-07 07:56:00+00:00,2977.5,2258.0
2025-11-07 07:57:00+00:00,2977.0,1097.0
2025-11-07 07:58:00+00:00,2978.449951171875,269.0
2025-11-07 07:59:00+00:00,2978.64990234375,46.0
2025-11-07 08:00:00+00:00,2980.0,2995.0
2025-11-07 08:01:00+00:00,2980.0,76.0
2025-11-07 08:02:00+00:00,2980.5,1548.0
2025-11-07 08:03:00+00:00,2980.39990234375,245.0
2025-11-07 08:04:00+00:00,2980.0,3232.0
2025-11-07 08:05:00+00:00,2980.0,4154.0
2025-11-07 08:06:00+00:00,2980.0,591.0
2025-11-07 08:07:00+00:00,2979.0,1811.0
2025-11-07 08:08:00+00:00,2979.60009765625,349.0
2025-11-07 08:09:00+00:00,2980.0,43.0
2025-11-07 08:10:00+00:00,2979.0,70.0
2025-11-07 08:11:00+00:00,2979.0,21.0
2025-11-07 08:12:00+00:00,2979.949951171875,1007.0
2025-11-07 08:13:00+00:00,2979.0,127.0
2025-11-07 08:14:00+00:00,2978.0,45.0
2025-11-07 08:15:00+00:00,2978.699951171875,70.0
2025-11-07 08:16:00+00:00,2979.35009765625,124.0
2025-11-07 08:17:00+00:00,2978.75,54.0
2025-11-07 08:18:00+00:00,2979.39990234375,123.0
2025-11-07 08:19:00+00:00,2977.0,217.0
2025-11-07 08:20:00+00:00,2976.0,142.0
2025-11-07 08:21:00+00:00,2976.89990234375,67.0
2025-11-07 08:22:00+00:00,2976.39990234375,80.0
2025-11-07 08:23:00+00:00,2977.0,98.0
2025-11-07 08:24:00+00:00,2976.300048828125,52.0
2025-11-07 08:25:00+00:00,2976.300048828125,228.0
2025-11-07 08:26:00+00:00,2975.699951171875,126.0
2025-11-07 08:27:00+00:00,2976.64990234375,25.0
2025-11-07 08:28:00+00:00,2975.800048828125,317.0
2025-11-07 08:29:00+00:00,2975.550048828125,3949.0
2025-11-07 08:30:00+00:00,2973.5,236.0
2025-11-07 08:31:00+00:00,2973.550048828125,4088.0
2025-11-07 08:32:00+00:00,2973.5,160.0
2025-11-07 08:33:00+00:00,2973.050048828125,93.0
2025-11-07 08:34:00+00:00,2974.10009765625,146.0
2025-11-07 08:35:00+00:00,2973.10009765625,41.0
2025-11-07 08:36:00+00:00,2973.14990234375,2896.0
2025-11-07 08:37:00+00:00,2974.89990234375,484.0
2025-11-07 08:38:00+00:00,2975.0,37.0
2025-11-07 08:39:00+00:00,2975.0,27.0
2025-11-07 08:40:00+00:00,2975.199951171875,258.0
2025-11-07 08:41:00+00:00,2974.64990234375,3163.0
2025-11-07 08:42:00+00:00,2974.800048828125,125.0
2025-11-07 08:43:00+00:00,2973.800048828125,182.0
2025-11-07 08:44:00+00:00,2974.35009765625,73.0
2025-11-07 08:45:00+00:00,2975.0,115.0
2025-11-07 08:46:00+00:00,2975.0,37.0
2025-11-07 08:47:00+00:00,2975.0,187.0
2025-11-07 08:48:00+00:00,2975.0,2269.0
2025-11-07 08:49:00+00:00,2976.60009765625,1504.0
2025-11-07 08:50:00+00:00,2977.199951171875,21.0
2025-11-07 08:51:00+00:00,2978.25,98.0
2025-11-07 08:52:00+00:00,2978.800048828125,73.0
2025-11-07 08:53:00+00:00,2978.85009765625,63.0
2025-11-07 08:54:00+00:00,2982.0,284.0
2025-11-07 08:55:00+00:00,2980.75,52.0
2025-11-07 08:56:00+00:00,2981.39990234375,192.0
2025-11-07 08:57:00+00:00,2984.0,21.0
2025-11-07 08:58:00+00:00,2983.39990234375,14.0
2025-11-07 08:59:00+00:00,2983.39990234375,203.0
2025-11-07 09:00:00+00:00,2982.39990234375,265.0
2025-11-07 09:01:00+00:00,2982.0,165.0
2025-11-07 09:02:00+00:00,2982.949951171875,106.0
2025-11-07 09:03:00+00:00,2982.10009765625,49.0
2025-11-07 09:04:00+00:00,2981.699951171875,85.0
2025-11-07 09:05:00+00:00,2980.699951171875,33.0
2025-11-07 09:06:00+00:00,2981.949951171875,105.0
2025-11-07 09:07:00+00:00,2982.10009765625,81.0
2025-11-07 09:08:00+00:00,2980.699951171875,63.0
2025-11-07 09:09:00+00:00,2982.0,49.0
2025-11-07 09:10:00+00:00,2982.5,192.0
2025-11-07 09:11:00+00:00,2984.699951171875,410.0
2025-11-07 09:12:00+00:00,2984.75,166.0
2025-11-07 09:13:00+00:00,2987.0,8471.0
2025-11-07 09:14:00+00:00,2988.39990234375,255.0
2025-11-07 09:15:00+00:00,2988.35009765625,489.0
2025-11-07 09:16:00+00:00,2990.89990234375,847.0
2025-11-07 09:17:00+00:00,2990.89990234375,373.0
2025-11-07 09:18:00+00:00,2990.0,252.0
2025-11-07 09:19:00+00:00,2991.0,65.0
2025-11-07 09:20:00+00:00,2991.199951171875,30.0
2025-11-07 09:21:00+00:00,2990.14990234375,77.0
2025-11-07 09:22:00+00:00,2990.0,71.0
2025-11-07 09:23:00+00:00,2991.75,53.0
2025-11-07 09:24:00+00:00,2992.5,1497.0
2025-11-07 09:25:00+00:00,2993.699951171875,57.0
2025-11-07 09:26:00+00:00,2991.85009765625,172.0
2025-11-07 09:27:00+00:00,2988.60009765625,100.0
2025-11-07 09:28:00+00:00,2987.0,235.0
2025-11-07 09:29:00+00:00,2988.64990234375,175.0
2025-11-07 09:30:00+00:00,2991.10009765625,2068.0
2025-11-07 09:31:00+00:00,2991.0,241.0
2025-11-07 09:32:00+00:00,2990.35009765625,72.0
2025-11-07 09:33:00+00:00,2992.0,1787.0
2025-11-07 09:34:00+00:00,2990.39990234375,16.0
2025-11-07 09:35:00+00:00,2991.199951171875,165.0
2025-11-07 09:36:00+00:00,2991.199951171875,148.0
2025-11-07 09:37:00+00:00,2989.949951171875,129.0
2025-11-07 09:38:00+00:00,2991.199951171875,30.0
2025-11-07 09:39:00+00:00,2990.449951171875,86.0
2025-11-07 09:40:00+00:00,2991.89990234375,132.0
2025-11-07 09:41:00+00:00,2992.89990234375,389.0
2025-11-07 09:42:00+00:00,2992.39990234375,211.0
2025-11-07 09:43:00+00:00,2991.949951171875,224.0
2025-11-07 09:44:00+00:00,2990.89990234375,178.0
2025-11-07 09:45:00+00:00,2993.0,125.0
2025-11-07 09:46:00+00:00,2995.0,371.0
2025-11-07 09:47:00+00:00,2994.199951171875,130.0
2025-11-07 09:48:00+00:00,2993.75,201.0
2025-11-07 09:49:00+00:00,2993.25,776.0
2025-11-07 09:50:00+00:00,2992.89990234375,191.0
2025-11-07 09:51:00+00:00,2994.5,815.0
2025-11-07 09:52:00+00:00,2993.050048828125,172.0
2025-11-07 09:53:00+00:00,2993.39990234375,132.0
2025-11-07 09:54:00+00:00,2991.5,765.0
2025-11-07 09:55:00+00:00,2994.0,293.0
2025-11-07 09:56:00+00:00,2993.0,323.0
2025-11-07 09:57:00+00:00,2993.60009765625,681.0
2025-11-07 09:58:00+00:00,2993.10009765625,472.0
2025-11-07 09:59:00+00:00,2992.35009765625,482.0
2025-11-10 03:45:00+00:00,3002.199951171875,921.0
2025-11-10 03:46:00+00:00,3005.300048828125,377.0
2025-11-10 03:47:00+00:00,2998.10009765625,577.0
2025-11-10 03:48:00+00:00,3003.14990234375,415.0
2025-11-10 03:49:00+00:00,3003.199951171875,283.0
2025-11-10 03:50:00+00:00,3010.60009765625,1329.0
2025-11-10 03:51:00+00:00,3003.699951171875,398.0
2025-11-10 03:52:00+00:00,3002.0,322.0
2025-11-10 03:53:00+00:00,3002.300048828125,195.0
2025-11-10 03:54:00+00:00,3001.10009765625,478.0
2025-11-10 03:55:00+00:00,3003.5,456.0
2025-11-10 03:56:00+00:00,3004.949951171875,706.0
2025-11-10 03:57:00+00:00,3004.300048828125,398.0
2025-11-10 03:58:00+00:00,3004.10009765625,619.0
2025-11-10 03:59:00+00:00,3004.050048828125,401.0
2025-11-10 04:00:00+00:00,3001.0,139.0
2025-11-10 04:01:00+00:00,3001.050048828125,570.0
2025-11-10 04:02:00+00:00,3002.300048828125,467.0
2025-11-10 04:03:00+00:00,3002.0,61.0
2025-11-10 04:04:00+00:00,3002.10009765625,238.0
2025-11-10 04:05:00+00:00,3001.60009765625,533.0
2025-11-10 04:06:00+00:00,3001.699951171875,689.0
2025-11-10 04:07:00+00:00,3001.85009765625,54.0
2025-11-10 04:08:00+00:00,3000.449951171875,119.0
2025-11-10 04:09:00+00:00,2997.5,1210.0
2025-11-10 04:10:00+00:00,2995.050048828125,188.0
2025-11-10 04:11:00+00:00,2996.85009765625,256.0
2025-11-10 04:12:00+00:00,2995.39990234375,367.0
2025-11-10 04:13:00+00:00,2993.0,381.0
2025-11-10 04:14:00+00:00,2994.75,148.0
2025-11-10 04:15:00+00:00,2995.949951171875,135.0
2025-11-10 04:16:00+00:00,2998.25,77.0
2025-11-10 04:17:00+00:00,2998.800048828125,225.0
2025-11-10 04:18:00+00:00,3000.0,418.0
2025-11-10 04:19:00+00:00,2998.449951171875,260.0
2025-11-10 04:20:00+00:00,3001.0,205.0
2025-11-10 04:21:00+00:00,3004.699951171875,266.0
2025-11-10 04:22:00+00:00,3005.10009765625,243.0
2025-11-10 04:23:00+00:00,3002.10009765625,454.0
2025-11-10 04:24:00+00:00,3003.699951171875,88.0
2025-11-10 04:25:00+00:00,3002.300048828125,334.0
2025-11-10 04:26:00+00:00,3000.0,54.0
2025-11-10 04:27:00+00:00,3004.39990234375,400.0
2025-11-10 04:28:00+00:00,3003.10009765625,74.0
2025-11-10 04:29:00+00:00,3005.85009765625,441.0
2025-11-10 04:30:00+00:00,3008.0,838.0
2025-11-10 04:31:00+00:00,3008.60009765625,1406.0
2025-11-10 04:32:00+00:00,3009.89990234375,517.0
2025-11-10 04:33:00+00:00,3009.35009765625,134.0
2025-11-10 04:34:00+00:00,3010.60009765625,474.0
2025-11-10 04:35:00+00:00,3011.050048828125,1242.0
2025-11-10 04:36:00+00:00,3015.39990234375,570.0
2025-11-10 04:37:00+00:00,3015.449951171875,66.0
2025-11-10 04:38:00+00:00,3013.75,166.0
2025-11-10 04:39:00+00:00,3016.0,437.0
2025-11-10 04:40:00+00:00,3015.60009765625,198.0
2025-11-10 04:41:00+00:00,3019.5,190.0
2025-11-10 04:42:00+00:00,3016.75,77.0
2025-11-10 04:43:00+00:00,3019.550048828125,845.0
2025-11-10 04:44:00+00:00,3019.800048828125,229.0
2025-11-10 04:45:00+00:00,3018.699951171875,890.0
2025-11-10 04:46:00+00:00,3024.5,783.0
2025-11-10 04:47:00+00:00,3025.39990234375,686.0
2025-11-10 04:48:00+00:00,3028.75,486.0
2025-11-10 04:49:00+00:00,3030.0,3954.0
2025-11-10 04:50:00+00:00,3026.699951171875,153.0
2025-11-10 04:51:00+00:00,3029.949951171875,774.0
2025-11-10 04:52:00+00:00,3030.699951171875,267.0
2025-11-10 04:53:00+00:00,3027.89990234375,241.0
2025-11-10 04:54:00+00:00,3029.800048828125,598.0
2025-11-10 04:55:00+00:00,3029.64990234375,32.0
2025-11-10 04:56:00+00:00,3031.0,690.0
2025-11-10 04:57:00+00:00,3033.75,543.0
2025-11-10 04:58:00+00:00,3039.64990234375,4856.0
2025-11-10 04:59:00+00:00,3037.199951171875,1115.0
2025-11-10 05:00:00+00:00,3040.39990234375,2384.0
2025-11-10 05:01:00+00:00,3039.89990234375,644.0
2025-11-10 05:02:00+00:00,3038.0,415.0
2025-11-10 05:03:00+00:00,3040.0,413.0
2025-11-10 05:04:00+00:00,3038.75,106.0
2025-11-10 05:05:00+00:00,3037.550048828125,271.0
2025-11-10 05:06:00+00:00,3036.800048828125,2205.0
2025-11-10 05:07:00+00:00,3032.14990234375,383.0
2025-11-10 05:08:00+00:00,3034.0,175.0
2025-11-10 05:09:00+00:00,3035.0,367.0
2025-11-10 05:10:00+00:00,3035.89990234375,236.0
2025-11-10 05:11:00+00:00,3035.050048828125,157.0
2025-11-10 05:12:00+00:00,3036.0,73.0
2025-11-10 05:13:00+00:00,3036.0,296.0
2025-11-10 05:14:00+00:00,3036.39990234375,77.0
2025-11-10 05:15:00+00:00,3034.14990234375,207.0
2025-11-10 05:16:00+00:00,3034.699951171875,156.0
2025-11-10 05:17:00+00:00,3033.14990234375,67.0
2025-11-10 05:18:00+00:00,3034.0,74.0
2025-11-10 05:19:00+00:00,3033.5,84.0
2025-11-10 05:20:00+00:00,3034.25,281.0
2025-11-10 05:21:00+00:00,3035.050048828125,82.0
2025-11-10 05:22:00+00:00,3034.85009765625,499.0
2025-11-10 05:23:00+00:00,3036.550048828125,242.0
2025-11-10 05:24:00+00:00,3039.64990234375,408.0
2025-11-10 05:25:00+00:00,3038.85009765625,83.0
2025-11-10 05:26:00+00:00,3037.5,242.0
2025-11-10 05:27:00+00:00,3037.800048828125,139.0
2025-11-10 05:28:00+00:00,3038.050048828125,119.0
2025-11-10 05:29:00+00:00,3037.550048828125,61.0
2025-11-10 05:30:00+00:00,3038.64990234375,507.0
2025-11-10 05:31:00+00:00,3039.5,89.0
2025-11-10 05:32:00+00:00,3041.5,254.0
2025-11-10 05:33:00+00:00,3041.0,268.0
2025-11-10 05:34:00+00:00,3039.89990234375,567.0
2025-11-10 05:35:00+00:00,3043.89990234375,914.0
2025-11-10 05:36:00+00:00,3042.550048828125,100.0
2025-11-10 05:37:00+00:00,3043.0,1342.0
2025-11-10 05:38:00+00:00,3044.0,1058.0
2025-11-10 05:39:00+00:00,3044.0,635.0
2025-11-10 05:40:00+00:00,3045.300048828125,368.0
2025-11-10 05:41:00+00:00,3046.0,410.0
2025-11-10 05:42:00+00:00,3045.550048828125,180.0
2025-11-10 05:43:00+00:00,3046.0,190.0
2025-11-10 05:44:00+00:00,3043.800048828125,219.0
2025-11-10 05:45:00+00:00,3043.449951171875,331.0
2025-11-10 05:46:00+00:00,3043.35009765625,72.0
2025-11-10 05:47:00+00:00,3042.60009765625,93.0
2025-11-10 05:48:00+00:00,3041.85009765625,366.0
2025-11-10 05:49:00+00:00,3044.199951171875,272.0
2025-11-10 05:50:00+00:00,3043.39990234375,40.0
2025-11-10 05:51:00+00:00,3044.199951171875,102.0
2025-11-10 05:52:00+00:00,3040.050048828125,101.0
2025-11-10 05:53:00+00:00,3042.050048828125,154.0
2025-11-10 05:54:00+00:00,3043.0,268.0
2025-11-10 05:55:00+00:00,3042.89990234375,25.0
2025-11-10 05:56:00+00:00,3039.39990234375,381.0
2025-11-10 05:57:00+00:00,3041.5,167.0
2025-11-10 05:58:00+00:00,3040.0,174.0
2025-11-10 05:59:00+00:00,3041.199951171875,214.0
2025-11-10 06:00:00+00:00,3041.0,75.0
2025-11-10 06:01:00+00:00,3039.39990234375,191.0
2025-11-10 06:02:00+00:00,3040.85009765625,228.0
2025-11-10 06:03:00+00:00,3039.39990234375,184.0
2025-11-10 06:04:00+00:00,3039.300048828125,241.0
2025-11-10 06:05:00+00:00,3039.0,283.0
2025-11-10 06:06:00+00:00,3038.64990234375,177.0
2025-11-10 06:07:00+00:00,3039.0,210.0
2025-11-10 06:08:00+00:00,3039.25,55.0
2025-11-10 06:09:00+00:00,3038.050048828125,89.0
2025-11-10 06:10:00+00:00,3039.699951171875,20.0
2025-11-10 06:11:00+00:00,3038.60009765625,76.0
2025-11-10 06:12:00+00:00,3037.35009765625,268.0
2025-11-10 06:13:00+00:00,3036.0,105.0
2025-11-10 06:14:00+00:00,3036.0,159.0
2025-11-10 06:15:00+00:00,3037.39990234375,162.0
2025-11-10 06:16:00+00:00,3039.39990234375,11.0
2025-11-10 06:17:00+00:00,3038.699951171875,70.0
2025-11-10 06:18:00+00:00,3035.949951171875,41.0
2025-11-10 06:19:00+00:00,3035.64990234375,124.0
2025-11-10 06:20:00+00:00,3037.949951171875,99.0
2025-11-10 06:21:00+00:00,3037.25,38.0
2025-11-10 06:22:00+00:00,3037.5,11.0
2025-11-10 06:23:00+00:00,3035.699951171875,355.0
2025-11-10 06:24:00+00:00,3035.699951171875,6.0
2025-11-10 06:25:00+00:00,3037.64990234375,72.0
2025-11-10 06:26:00+00:00,3036.60009765625,51.0
2025-11-10 06:27:00+00:00,3036.050048828125,235.0
2025-11-10 06:28:00+00:00,3034.25,47.0
2025-11-10 06:29:00+00:00,3033.60009765625,76.0
2025-11-10 06:30:00+00:00,3036.60009765625,97.0
2025-11-10 06:31:00+00:00,3037.449951171875,3069.0
2025-11-10 06:32:00+00:00,3036.64990234375,160.0
2025-11-10 06:33:00+00:00,3035.25,371.0
2025-11-10 06:34:00+00:00,3037.300048828125,3130.0
2025-11-10 06:35:00+00:00,3034.75,2896.0
2025-11-10 06:36:00+00:00,3033.800048828125,18.0
2025-11-10 06:37:00+00:00,3033.300048828125,191.0
2025-11-10 06:38:00+00:00,3032.300048828125,54.0
2025-11-10 06:39:00+00:00,3031.0,254.0
2025-11-10 06:40:00+00:00,3032.39990234375,220.0
2025-11-10 06:41:00+00:00,3032.35009765625,140.0
2025-11-10 06:42:00+00:00,3032.5,108.0
2025-11-10 06:43:00+00:00,3033.050048828125,86.0
2025-11-10 06:44:00+00:00,3029.39990234375,434.0
2025-11-10 06:45:00+00:00,3030.0,60.0
2025-11-10 06:46:00+00:00,3029.64990234375,148.0
2025-11-10 06:47:00+00:00,3029.949951171875,68.0
2025-11-10 06:48:00+00:00,3028.14990234375,2835.0
2025-11-10 06:49:00+00:00,3028.199951171875,298.0
2025-11-10 06:50:00+00:00,3029.199951171875,105.0
2025-11-10 06:51:00+00:00,3029.199951171875,99.0
2025-11-10 06:52:00+00:00,3029.199951171875,572.0
2025-11-10 06:53:00+00:00,3028.85009765625,27.0
2025-11-10 06:54:00+00:00,3028.199951171875,31.0
2025-11-10 06:55:00+00:00,3029.60009765625,105.0
2025-11-10 06:56:00+00:00,3030.0,102.0
2025-11-10 06:57:00+00:00,3030.25,114.0
2025-11-10 06:58:00+00:00,3027.800048828125,116.0
2025-11-10 06:59:00+00:00,3028.0,140.0
2025-11-10 07:00:00+00:00,3028.050048828125,87.0
2025-11-10 07:01:00+00:00,3026.800048828125,557.0
2025-11-10 07:02:00+00:00,3028.25,70.0
2025-11-10 07:03:00+00:00,3029.050048828125,62.0
2025-11-10 07:04:00+00:00,3027.699951171875,8.0
2025-11-10 07:05:00+00:00,3027.39990234375,97.0
2025-11-10 07:06:00+00:00,3027.0,61.0
2025-11-10 07:07:00+00:00,3026.5,349.0
2025-11-10 07:08:00+00:00,3028.0,180.0
2025-11-10 07:09:00+00:00,3027.949951171875,334.0
2025-11-10 07:10:00+00:00,3028.0,71.0
2025-11-10 07:11:00+00:00,3027.949951171875,31.0
2025-11-10 07:12:00+00:00,3028.0,69.0
2025-11-10 07:13:00+00:00,3028.0,126.0
2025-11-10 07:14:00+00:00,3026.10009765625,619.0
2025-11-10 07:15:00+00:00,3027.39990234375,343.0
2025-11-10 07:16:00+00:00,3026.300048828125,113.0
2025-11-10 07:17:00+00:00,3027.75,30.0
2025-11-10 07:18:00+00:00,3028.0,273.0
2025-11-10 07:19:00+00:00,3027.949951171875,222.0
2025-11-10 07:20:00+00:00,3027.5,119.0
2025-11-10 07:21:00+00:00,3027.949951171875,167.0
2025-11-10 07:22:00+00:00,3028.550048828125,129.0
2025-11-10 07:23:00+00:00,3027.60009765625,19.0
2025-11-10 07:24:00+00:00,3027.25,7.0
2025-11-10 07:25:00+00:00,3028.550048828125,67.0
2025-11-10 07:26:00+00:00,3029.0,97.0
2025-11-10 07:27:00+00:00,3030.699951171875,70.0
2025-11-10 07:28:00+00:00,3032.0,281.0
2025-11-10 07:29:00+00:00,3030.14990234375,314.0
2025-11-10 07:30:00+00:00,3030.300048828125,70.0
2025-11-10 07:31:00+00:00,3030.60009765625,57.0
2025-11-10 07:32:00+00:00,3029.699951171875,37.0
2025-11-10 07:33:00+00:00,3029.699951171875,7.0
2025-11-10 07:34:00+00:00,3027.550048828125,424.0
2025-11-10 07:35:00+00:00,3028.0,547.0
2025-11-10 07:36:00+00:00,3028.449951171875,15.0
2025-11-10 07:37:00+00:00,3027.050048828125,76.0
2025-11-10 07:38:00+00:00,3027.0,10.0
2025-11-10 07:39:00+00:00,3026.0,32.0
2025-11-10 07:40:00+00:00,3026.35009765625,111.0
2025-11-10 07:41:00+00:00,3025.25,2.0
2025-11-10 07:42:00+00:00,3028.39990234375,18.0
2025-11-10 07:43:00+00:00,3027.0,16.0
2025-11-10 07:44:00+00:00,3027.0,114.0
2025-11-10 07:45:00+00:00,3027.449951171875,41.0
2025-11-10 07:46:00+00:00,3028.199951171875,3.0
2025-11-10 07:47:00+00:00,3028.0,29.0
2025-11-10 07:48:00+00:00,3026.5,55.0
2025-11-10 07:49:00+00:00,3027.10009765625,177.0
2025-11-10 07:50:00+00:00,3026.800048828125,12.0
2025-11-10 07:51:00+00:00,3027.64990234375,122.0
2025-11-10 07:52:00+00:00,3027.64990234375,27.0
2025-11-10 07:53:00+00:00,3028.75,194.0
2025-11-10 07:54:00+00:00,3028.550048828125,5.0
2025-11-10 07:55:00+00:00,3028.449951171875,292.0
2025-11-10 07:56:00+00:00,3028.89990234375,140.0
2025-11-10 07:57:00+00:00,3028.800048828125,9.0
2025-11-10 07:58:00+00:00,3030.5,177.0
2025-11-10 07:59:00+00:00,3029.60009765625,37.0
2025-11-10 08:00:00+00:00,3029.60009765625,37.0
2025-11-10 08:01:00+00:00,3030.300048828125,49.0
2025-11-10 08:02:00+00:00,3029.050048828125,21.0
2025-11-10 08:03:00+00:00,3029.85009765625,70.0
2025-11-10 08:04:00+00:00,3029.0,64.0
2025-11-10 08:05:00+00:00,3030.14990234375,61.0
2025-11-10 08:06:00+00:00,3030.0,393.0
2025-11-10 08:07:00+00:00,3029.949951171875,14.0
2025-11-10 08:08:00+00:00,3028.64990234375,197.0
2025-11-10 08:09:00+00:00,3028.60009765625,165.0
2025-11-10 08:10:00+00:00,3029.89990234375,12.0
2025-11-10 08:11:00+00:00,3029.949951171875,297.0
2025-11-10 08:12:00+00:00,3030.0,670.0
2025-11-10 08:13:00+00:00,3030.0,60.0
2025-11-10 08:14:00+00:00,3027.0,58.0
2025-11-10 08:15:00+00:00,3025.64990234375,33.0
2025-11-10 08:16:00+00:00,3025.449951171875,135.0
2025-11-10 08:17:00+00:00,3024.5,328.0
2025-11-10 08:18:00+00:00,3024.64990234375,507.0
2025-11-10 08:19:00+00:00,3026.199951171875,15.0
2025-11-10 08:20:00+00:00,3026.800048828125,28.0
2025-11-10 08:21:00+00:00,3028.14990234375,81.0
2025-11-10 08:22:00+00:00,3027.85009765625,36.0
2025-11-10 08:23:00+00:00,3027.699951171875,6.0
2025-11-10 08:24:00+00:00,3027.699951171875,19.0
2025-11-10 08:25:00+00:00,3026.050048828125,210.0
2025-11-10 08:26:00+00:00,3024.699951171875,29.0
2025-11-10 08:27:00+00:00,3026.0,10.0
2025-11-10 08:28:00+00:00,3025.25,20.0
2025-11-10 08:29:00+00:00,3027.14990234375,2.0
2025-11-10 08:30:00+00:00,3026.85009765625,24.0
2025-11-10 08:31:00+00:00,3026.60009765625,8.0
2025-11-10 08:32:00+00:00,3026.75,54.0
2025-11-10 08:33:00+00:00,3029.300048828125,67.0
2025-11-10 08:34:00+00:00,3027.89990234375,167.0
2025-11-10 08:35:00+00:00,3027.89990234375,16.0
2025-11-10 08:36:00+00:00,3028.39990234375,178.0
2025-11-10 08:37:00+00:00,3026.85009765625,56.0
2025-11-10 08:38:00+00:00,3027.39990234375,15.0
2025-11-10 08:39:00+00:00,3028.0,154.0
2025-11-10 08:40:00+00:00,3030.0,110.0
2025-11-10 08:41:00+00:00,3028.0,30.0
2025-11-10 08:42:00+00:00,3027.949951171875,12.0
2025-11-10 08:43:00+00:00,3027.60009765625,233.0
2025-11-10 08:44:00+00:00,3028.10009765625,25.0
2025-11-10 08:45:00+00:00,3026.85009765625,129.0
2025-11-10 08:46:00+00:00,3028.550048828125,55.0
2025-11-10 08:47:00+00:00,3026.60009765625,141.0
2025-11-10 08:48:00+00:00,3028.0,29.0
2025-11-10 08:49:00+00:00,3027.699951171875,49.0
2025-11-10 08:50:00+00:00,3026.0,75.0
2025-11-10 08:51:00+00:00,3027.5,32.0
2025-11-10 08:52:00+00:00,3028.0,151.0
2025-11-10 08:53:00+00:00,3029.60009765625,92.0
2025-11-10 08:54:00+00:00,3028.699951171875,104.0
2025-11-10 08:55:00+00:00,3028.0,124.0
2025-11-10 08:56:00+00:00,3029.949951171875,19.0
2025-11-10 08:57:00+00:00,3029.550048828125,218.0
2025-11-10 08:58:00+00:00,3030.89990234375,77.0
2025-11-10 08:59:00+00:00,3031.949951171875,49.0
2025-11-10 09:00:00+00:00,3033.0,289.0
2025-11-10 09:01:00+00:00,3032.050048828125,28.0
2025-11-10 09:02:00+00:00,3031.300048828125,157.0
2025-11-10 09:03:00+00:00,3030.89990234375,267.0
2025-11-10 09:04:00+00:00,3030.25,81.0
2025-11-10 09:05:00+00:00,3031.0,132.0
2025-11-10 09:06:00+00:00,3033.0,88.0
2025-11-10 09:07:00+00:00,3033.0,68.0
2025-11-10 09:08:00+00:00,3032.0,4.0
2025-11-10 09:09:00+00:00,3032.0,63.0
2025-11-10 09:10:00+00:00,3032.35009765625,269.0
2025-11-10 09:11:00+00:00,3031.89990234375,55.0
2025-11-10 09:12:00+00:00,3032.0,139.0
2025-11-10 09:13:00+00:00,3030.0,109.0
2025-11-10 09:14:00+00:00,3027.89990234375,80.0
2025-11-10 09:15:00+00:00,3031.300048828125,90.0
2025-11-10 09:16:00+00:00,3030.0,132.0
2025-11-10 09:17:00+00:00,3030.60009765625,29.0
2025-11-10 09:18:00+00:00,3029.550048828125,215.0
2025-11-10 09:19:00+00:00,3030.75,22.0
2025-11-10 09:20:00+00:00,3030.60009765625,55.0
2025-11-10 09:21:00+00:00,3029.0,89.0
2025-11-10 09:22:00+00:00,3029.35009765625,331.0
2025-11-10 09:23:00+00:00,3028.050048828125,142.0
2025-11-10 09:24:00+00:00,3029.0,50.0
2025-11-10 09:25:00+00:00,3027.75,35.0
2025-11-10 09:26:00+00:00,3029.0,59.0
2025-11-10 09:27:00+00:00,3027.85009765625,66.0
2025-11-10 09:28:00+00:00,3029.550048828125,779.0
2025-11-10 09:29:00+00:00,3028.85009765625,43.0
2025-11-10 09:30:00+00:00,3026.0,551.0
2025-11-10 09:31:00+00:00,3025.0,81.0
2025-11-10 09:32:00+00:00,3025.5,64.0
2025-11-10 09:33:00+00:00,3025.5,3016.0
2025-11-10 09:34:00+00:00,3027.0,164.0
2025-11-10 09:35:00+00:00,3027.10009765625,3139.0
2025-11-10 09:36:00+00:00,3026.89990234375,181.0
2025-11-10 09:37:00+00:00,3026.5,113.0
2025-11-10 09:38:00+00:00,3025.0,171.0
2025-11-10 09:39:00+00:00,3025.0,232.0
2025-11-10 09:40:00+00:00,3025.949951171875,84.0
2025-11-10 09:41:00+00:00,3023.0,202.0
2025-11-10 09:42:00+00:00,3024.199951171875,72.0
2025-11-10 09:43:00+00:00,3024.60009765625,40.0
2025-11-10 09:44:00+00:00,3023.35009765625,16.0
2025-11-10 09:45:00+00:00,3026.0,69.0
2025-11-10 09:46:00+00:00,3023.89990234375,503.0
2025-11-10 09:47:00+00:00,3024.5,250.0
2025-11-10 09:48:00+00:00,3024.85009765625,98.0
2025-11-10 09:49:00+00:00,3025.0,105.0
2025-11-10 09:50:00+00:00,3025.550048828125,107.0
2025-11-10 09:51:00+00:00,3024.14990234375,207.0
2025-11-10 09:52:00+00:00,3025.0,221.0
2025-11-10 09:53:00+00:00,3025.0,445.0
2025-11-10 09:54:00+00:00,3024.85009765625,105.0
2025-11-10 09:55:00+00:00,3024.5,194.0
2025-11-10 09:56:00+00:00,3026.60009765625,631.0
2025-11-10 09:57:00+00:00,3026.5,66.0
2025-11-10 09:58:00+00:00,3025.699951171875,345.0
2025-11-10 09:59:00+00:00,3025.800048828125,449.0
2025-11-11 03:45:00+00:00,3050.10009765625,3441.0
2025-11-11 03:46:00+00:00,3040.89990234375,1057.0
2025-11-11 03:47:00+00:00,3042.89990234375,593.0
2025-11-11 03:48:00+00:00,3040.0,1665.0
2025-11-11 03:49:00+00:00,3037.800048828125,573.0
2025-11-11 03:50:00+00:00,3035.10009765625,463.0
2025-11-11 03:51:00+00:00,3037.64990234375,1328.0
2025-11-11 03:52:00+00:00,3039.85009765625,228.0
2025-11-11 03:53:00+00:00,3042.300048828125,385.0
2025-11-11 03:54:00+00:00,3039.949951171875,491.0
2025-11-11 03:55:00+00:00,3032.85009765625,419.0
2025-11-11 03:56:00+00:00,3027.0,1502.0
2025-11-11 03:57:00+00:00,3026.85009765625,191.0
2025-11-11 03:58:00+00:00,3025.199951171875,395.0
2025-11-11 03:59:00+00:00,3025.60009765625,331.0
2025-11-11 04:00:00+00:00,3024.0,1351.0
2025-11-11 04:01:00+00:00,3027.5,308.0
2025-11-11 04:02:00+00:00,3028.0,72.0
2025-11-11 04:03:00+00:00,3026.699951171875,18.0
2025-11-11 04:04:00+00:00,3029.75,567.0
2025-11-11 04:05:00+00:00,3029.800048828125,205.0
2025-11-11 04:06:00+00:00,3026.60009765625,129.0
2025-11-11 04:07:00+00:00,3028.0,153.0
2025-11-11 04:08:00+00:00,3027.25,417.0
2025-11-11 04:09:00+00:00,3026.60009765625,91.0
2025-11-11 04:10:00+00:00,3025.0,126.0
2025-11-11 04:11:00+00:00,3028.64990234375,277.0
2025-11-11 04:12:00+00:00,3031.64990234375,390.0
2025-11-11 04:13:00+00:00,3030.75,240.0
2025-11-11 04:14:00+00:00,3034.14990234375,418.0
2025-11-11 04:15:00+00:00,3036.25,236.0
2025-11-11 04:16:00+00:00,3035.199951171875,288.0
2025-11-11 04:17:00+00:00,3037.14990234375,126.0
2025-11-11 04:18:00+00:00,3036.5,1.0
2025-11-11 04:19:00+00:00,3033.89990234375,168.0
2025-11-11 04:20:00+00:00,3032.60009765625,300.0
2025-11-11 04:21:00+00:00,3032.0,111.0
2025-11-11 04:22:00+00:00,3032.550048828125,151.0
2025-11-11 04:23:00+00:00,3031.800048828125,158.0
2025-11-11 04:24:00+00:00,3033.60009765625,159.0
2025-11-11 04:25:00+00:00,3033.64990234375,162.0
2025-11-11 04:26:00+00:00,3034.14990234375,305.0
2025-11-11 04:27:00+00:00,3035.0,396.0
2025-11-11 04:28:00+00:00,3036.5,53.0
2025-11-11 04:29:00+00:00,3037.0,149.0
2025-11-11 04:30:00+00:00,3036.35009765625,63.0
2025-11-11 04:31:00+00:00,3037.35009765625,201.0
2025-11-11 04:32:00+00:00,3039.75,175.0
2025-11-11 04:33:00+00:00,3037.14990234375,586.0
2025-11-11 04:34:00+00:00,3036.89990234375,185.0
2025-11-11 04:35:00+00:00,3037.25,807.0
2025-11-11 04:36:00+00:00,3035.050048828125,76.0
2025-11-11 04:37:00+00:00,3036.85009765625,94.0
2025-11-11 04:38:00+00:00,3035.300048828125,668.0
2025-11-11 04:39:00+00:00,3037.0,181.0
2025-11-11 04:40:00+00:00,3036.0,192.0
2025-11-11 04:41:00+00:00,3034.25,534.0
2025-11-11 04:42:00+00:00,3033.75,199.0
2025-11-11 04:43:00+00:00,3031.300048828125,110.0
2025-11-11 04:44:00+00:00,3032.0,457.0
2025-11-11 04:45:00+00:00,3031.5,145.0
2025-11-11 04:46:00+00:00,3032.0,182.0
2025-11-11 04:47:00+00:00,3030.35009765625,142.0
2025-11-11 04:48:00+00:00,3030.0,37.0
2025-11-11 04:49:00+00:00,3030.14990234375,131.0
2025-11-11 04:50:00+00:00,3028.050048828125,137.0
2025-11-11 04:51:00+00:00,3028.64990234375,178.0
2025-11-11 04:52:00+00:00,3027.199951171875,202.0
2025-11-11 04:53:00+00:00,3026.10009765625,58.0
2025-11-11 04:54:00+00:00,3031.39990234375,169.0
2025-11-11 04:55:00+00:00,3031.0,120.0
2025-11-11 04:56:00+00:00,3029.25,127.0
2025-11-11 04:57:00+00:00,3029.25,36.0
2025-11-11 04:58:00+00:00,3030.25,37.0
2025-11-11 04:59:00+00:00,3027.89990234375,263.0
2025-11-11 05:00:00+00:00,3028.300048828125,59.0
2025-11-11 05:01:00+00:00,3028.0,73.0
2025-11-11 05:02:00+00:00,3026.0,207.0
2025-11-11 05:03:00+00:00,3025.39990234375,1524.0
2025-11-11 05:04:00+00:00,3024.5,140.0
2025-11-11 05:05:00+00:00,3025.39990234375,296.0
2025-11-11 05:06:00+00:00,3022.0,301.0
2025-11-11 05:07:00+00:00,3021.300048828125,434.0
2025-11-11 05:08:00+00:00,3021.35009765625,750.0
2025-11-11 05:09:00+00:00,3020.89990234375,127.0
2025-11-11 05:10:00+00:00,3020.10009765625,90.0
2025-11-11 05:11:00+00:00,3022.0,227.0
2025-11-11 05:12:00+00:00,3020.25,759.0
2025-11-11 05:13:00+00:00,3020.39990234375,89.0
2025-11-11 05:14:00+00:00,3021.300048828125,178.0
2025-11-11 05:15:00+00:00,3020.89990234375,14.0
2025-11-11 05:16:00+00:00,3021.64990234375,55.0
2025-11-11 05:17:00+00:00,3021.199951171875,305.0
2025-11-11 05:18:00+00:00,3022.0,129.0
2025-11-11 05:19:00+00:00,3021.64990234375,110.0
2025-11-11 05:20:00+00:00,3020.75,118.0
2025-11-11 05:21:00+00:00,3020.0,22.0
2025-11-11 05:22:00+00:00,3022.050048828125,103.0
2025-11-11 05:23:00+00:00,3024.0,110.0
2025-11-11 05:24:00+00:00,3021.75,111.0
2025-11-11 05:25:00+00:00,3023.449951171875,94.0
2025-11-11 05:26:00+00:00,3022.050048828125,44.0
2025-11-11 05:27:00+00:00,3021.0,98.0
2025-11-11 05:28:00+00:00,3024.0,22.0
2025-11-11 05:29:00+00:00,3027.300048828125,515.0
2025-11-11 05:30:00+00:00,3029.10009765625,593.0
2025-11-11 05:31:00+00:00,3028.10009765625,371.0
2025-11-11 05:32:00+00:00,3028.199951171875,309.0
2025-11-11 05:33:00+00:00,3027.300048828125,49.0
2025-11-11 05:34:00+00:00,3025.800048828125,71.0
2025-11-11 05:35:00+00:00,3027.35009765625,31.0
2025-11-11 05:36:00+00:00,3027.949951171875,53.0
2025-11-11 05:37:00+00:00,3029.0,110.0
2025-11-11 05:38:00+00:00,3029.60009765625,45.0
2025-11-11 05:39:00+00:00,3028.89990234375,176.0
2025-11-11 05:40:00+00:00,3029.0,30.0
2025-11-11 05:41:00+00:00,3028.85009765625,51.0
2025-11-11 05:42:00+00:00,3028.0,66.0
2025-11-11 05:43:00+00:00,3028.449951171875,205.0
2025-11-11 05:44:00+00:00,3027.0,20.0
2025-11-11 05:45:00+00:00,3027.75,168.0
2025-11-11 05:46:00+00:00,3028.10009765625,55.0
2025-11-11 05:47:00+00:00,3028.0,78.0
2025-11-11 05:48:00+00:00,3028.0,116.0
2025-11-11 05:49:00+00:00,3027.0,19.0
2025-11-11 05:50:00+00:00,3028.5,199.0
2025-11-11 05:51:00+00:00,3027.5,41.0
2025-11-11 05:52:00+00:00,3026.449951171875,27.0
2025-11-11 05:53:00+00:00,3028.14990234375,42.0
2025-11-11 05:54:00+00:00,3025.5,150.0
2025-11-11 05:55:00+00:00,3027.75,26.0
2025-11-11 05:56:00+00:00,3027.75,34.0
2025-11-11 05:57:00+00:00,3026.0,21.0
2025-11-11 05:58:00+00:00,3027.35009765625,5.0
2025-11-11 05:59:00+00:00,3024.64990234375,279.0
2025-11-11 06:00:00+00:00,3027.60009765625,45.0
2025-11-11 06:01:00+00:00,3024.5,25.0
2025-11-11 06:02:00+00:00,3023.39990234375,8.0
2025-11-11 06:03:00+00:00,3022.85009765625,276.0
2025-11-11 06:04:00+00:00,3024.89990234375,111.0
2025-11-11 06:05:00+00:00,3024.25,35.0
2025-11-11 06:06:00+00:00,3025.0,2.0
2025-11-11 06:07:00+00:00,3025.0,7.0
2025-11-11 06:08:00+00:00,3027.25,217.0
2025-11-11 06:09:00+00:00,3027.75,3.0
2025-11-11 06:10:00+00:00,3028.0,19.0
2025-11-11 06:11:00+00:00,3029.25,98.0
2025-11-11 06:12:00+00:00,3030.0,224.0
2025-11-11 06:13:00+00:00,3030.0,87.0
2025-11-11 06:14:00+00:00,3030.0,41.0
2025-11-11 06:15:00+00:00,3030.0,16.0
2025-11-11 06:16:00+00:00,3030.0,55.0
2025-11-11 06:17:00+00:00,3029.0,70.0
2025-11-11 06:18:00+00:00,3029.5,72.0
2025-11-11 06:19:00+00:00,3030.0,13.0
2025-11-11 06:20:00+00:00,3029.5,2.0
2025-11-11 06:21:00+00:00,3029.25,1854.0
2025-11-11 06:22:00+00:00,3029.0,303.0
2025-11-11 06:23:00+00:00,3031.199951171875,520.0
2025-11-11 06:24:00+00:00,3031.0,35.0
2025-11-11 06:25:00+00:00,3029.0,94.0
2025-11-11 06:26:00+00:00,3029.0,17.0
2025-11-11 06:27:00+00:00,3030.0,118.0
2025-11-11 06:28:00+00:00,3029.0,390.0
2025-11-11 06:29:00+00:00,3028.5,6050.0
2025-11-11 06:30:00+00:00,3029.800048828125,23.0
2025-11-11 06:31:00+00:00,3029.0,5658.0
2025-11-11 06:32:00+00:00,3029.0,1721.0
2025-11-11 06:33:00+00:00,3029.0,320.0
2025-11-11 06:34:00+00:00,3028.35009765625,3640.0
2025-11-11 06:35:00+00:00,3029.0,182.0
2025-11-11 06:36:00+00:00,3030.199951171875,38.0
2025-11-11 06:37:00+00:00,3029.0,66.0
2025-11-11 06:38:00+00:00,3027.949951171875,52.0
2025-11-11 06:39:00+00:00,3027.85009765625,121.0
2025-11-11 06:40:00+00:00,3029.5,34.0
2025-11-11 06:41:00+00:00,3029.5,78.0
2025-11-11 06:42:00+00:00,3029.199951171875,34.0
2025-11-11 06:43:00+00:00,3027.0,19.0
2025-11-11 06:44:00+00:00,3027.10009765625,78.0
2025-11-11 06:45:00+00:00,3029.39990234375,71.0
2025-11-11 06:46:00+00:00,3029.85009765625,131.0
2025-11-11 06:47:00+00:00,3030.35009765625,120.0
2025-11-11 06:48:00+00:00,3030.35009765625,42.0
2025-11-11 06:49:00+00:00,3028.550048828125,81.0
2025-11-11 06:50:00+00:00,3031.0,40.0
2025-11-11 06:51:00+00:00,3029.0,54.0
2025-11-11 06:52:00+00:00,3030.0,8.0
2025-11-11 06:53:00+00:00,3029.5,55.0
2025-11-11 06:54:00+00:00,3030.75,114.0
2025-11-11 06:55:00+00:00,3030.199951171875,19.0
2025-11-11 06:56:00+00:00,3030.35009765625,65.0
2025-11-11 06:57:00+00:00,3030.64990234375,79.0
2025-11-11 06:58:00+00:00,3029.5,30.0
2025-11-11 06:59:00+00:00,3031.300048828125,27.0
2025-11-11 07:00:00+00:00,3031.550048828125,609.0
2025-11-11 07:01:00+00:00,3032.949951171875,21.0
2025-11-11 07:02:00+00:00,3033.5,110.0
2025-11-11 07:03:00+00:00,3034.0,409.0
2025-11-11 07:04:00+00:00,3034.699951171875,40.0
2025-11-11 07:05:00+00:00,3033.0,116.0
2025-11-11 07:06:00+00:00,3032.25,44.0
2025-11-11 07:07:00+00:00,3032.25,426.0
2025-11-11 07:08:00+00:00,3031.0,168.0
2025-11-11 07:09:00+00:00,3033.050048828125,33.0
2025-11-11 07:10:00+00:00,3032.14990234375,39.0
2025-11-11 07:11:00+00:00,3033.0,100.0
2025-11-11 07:12:00+00:00,3032.449951171875,30.0
2025-11-11 07:13:00+00:00,3031.5,82.0
2025-11-11 07:14:00+00:00,3031.550048828125,173.0
2025-11-11 07:15:00+00:00,3031.35009765625,55.0
2025-11-11 07:16:00+00:00,3030.050048828125,18.0
2025-11-11 07:17:00+00:00,3030.0,201.0
2025-11-11 07:18:00+00:00,3030.0,17.0
2025-11-11 07:19:00+00:00,3033.0,516.0
2025-11-11 07:21:00+00:00,3030.699951171875,22.0
2025-11-11 07:22:00+00:00,3032.64990234375,1.0
2025-11-11 07:23:00+00:00,3032.300048828125,40.0
2025-11-11 07:24:00+00:00,3032.0,105.0
2025-11-11 07:25:00+00:00,3031.300048828125,13.0
2025-11-11 07:26:00+00:00,3032.5,3.0
2025-11-11 07:27:00+00:00,3032.550048828125,16.0
2025-11-11 07:28:00+00:00,3033.449951171875,70.0
2025-11-11 07:29:00+00:00,3033.39990234375,11.0
2025-11-11 07:30:00+00:00,3034.0,198.0
2025-11-11 07:31:00+00:00,3035.0,471.0
2025-11-11 07:32:00+00:00,3036.0,293.0
2025-11-11 07:33:00+00:00,3036.949951171875,52.0
2025-11-11 07:34:00+00:00,3036.699951171875,406.0
2025-11-11 07:35:00+00:00,3037.0,233.0
2025-11-11 07:36:00+00:00,3037.85009765625,1.0
2025-11-11 07:37:00+00:00,3033.35009765625,20.0
2025-11-11 07:38:00+00:00,3032.64990234375,7.0
2025-11-11 07:39:00+00:00,3034.60009765625,95.0
2025-11-11 07:40:00+00:00,3035.0,9.0
2025-11-11 07:41:00+00:00,3035.0,15.0
2025-11-11 07:42:00+00:00,3034.949951171875,39.0
2025-11-11 07:43:00+00:00,3033.800048828125,3.0
2025-11-11 07:44:00+00:00,3035.0,59.0
2025-11-11 07:45:00+00:00,3035.949951171875,33.0
2025-11-11 07:46:00+00:00,3035.199951171875,144.0
2025-11-11 07:47:00+00:00,3033.60009765625,7.0
2025-11-11 07:48:00+00:00,3034.14990234375,47.0
2025-11-11 07:49:00+00:00,3033.85009765625,66.0
2025-11-11 07:50:00+00:00,3035.0,18.0
2025-11-11 07:51:00+00:00,3035.800048828125,230.0
2025-11-11 07:52:00+00:00,3035.550048828125,48.0
2025-11-11 07:53:00+00:00,3035.050048828125,4.0
2025-11-11 07:54:00+00:00,3033.0,61.0
2025-11-11 07:55:00+00:00,3035.64990234375,202.0
2025-11-11 07:56:00+00:00,3033.10009765625,7.0
2025-11-11 07:57:00+00:00,3035.14990234375,64.0
2025-11-11 07:58:00+00:00,3035.199951171875,18.0
2025-11-11 07:59:00+00:00,3034.949951171875,28.0
2025-11-11 08:00:00+00:00,3033.64990234375,52.0
2025-11-11 08:01:00+00:00,3034.699951171875,48.0
2025-11-11 08:02:00+00:00,3035.14990234375,37.0
2025-11-11 08:03:00+00:00,3034.10009765625,35.0
2025-11-11 08:04:00+00:00,3035.550048828125,42.0
2025-11-11 08:05:00+00:00,3035.300048828125,34.0
2025-11-11 08:06:00+00:00,3035.699951171875,21.0
2025-11-11 08:07:00+00:00,3033.949951171875,23.0
2025-11-11 08:08:00+00:00,3036.0,191.0
2025-11-11 08:09:00+00:00,3034.949951171875,403.0
2025-11-11 08:10:00+00:00,3035.5,86.0
2025-11-11 08:11:00+00:00,3034.699951171875,60.0
2025-11-11 08:12:00+00:00,3033.5,102.0
2025-11-11 08:13:00+00:00,3034.35009765625,57.0
2025-11-11 08:14:00+00:00,3033.0,93.0
2025-11-11 08:16:00+00:00,3035.0,11.0
2025-11-11 08:17:00+00:00,3037.0,204.0
2025-11-11 08:18:00+00:00,3039.75,485.0
2025-11-11 08:19:00+00:00,3039.75,92.0
2025-11-11 08:20:00+00:00,3039.89990234375,1269.0
2025-11-11 08:21:00+00:00,3040.0,10.0
2025-11-11 08:22:00+00:00,3038.5,17.0
2025-11-11 08:23:00+00:00,3038.800048828125,22.0
2025-11-11 08:24:00+00:00,3040.949951171875,135.0
2025-11-11 08:25:00+00:00,3038.75,161.0
2025-11-11 08:26:00+00:00,3040.0,57.0
2025-11-11 08:27:00+00:00,3039.60009765625,112.0
2025-11-11 08:28:00+00:00,3039.60009765625,71.0
2025-11-11 08:29:00+00:00,3040.5,879.0
2025-11-11 08:30:00+00:00,3041.10009765625,14.0
2025-11-11 08:31:00+00:00,3041.449951171875,293.0
2025-11-11 08:32:00+00:00,3039.300048828125,61.0
2025-11-11 08:33:00+00:00,3038.949951171875,35.0
2025-11-11 08:34:00+00:00,3039.35009765625,63.0
2025-11-11 08:35:00+00:00,3040.35009765625,249.0
2025-11-11 08:36:00+00:00,3041.800048828125,97.0
2025-11-11 08:37:00+00:00,3043.449951171875,328.0
2025-11-11 08:38:00+00:00,3044.0,243.0
2025-11-11 08:39:00+00:00,3041.550048828125,256.0
2025-11-11 08:40:00+00:00,3041.550048828125,33.0
2025-11-11 08:41:00+00:00,3041.5,31.0
2025-11-11 08:42:00+00:00,3042.0,382.0
2025-11-11 08:43:00+00:00,3040.75,202.0
2025-11-11 08:44:00+00:00,3040.75,87.0
2025-11-11 08:45:00+00:00,3040.800048828125,642.0
2025-11-11 08:46:00+00:00,3041.0,466.0
2025-11-11 08:47:00+00:00,3038.75,28.0
2025-11-11 08:48:00+00:00,3039.0,63.0
2025-11-11 08:49:00+00:00,3040.35009765625,128.0
2025-11-11 08:50:00+00:00,3041.0,62.0
2025-11-11 08:51:00+00:00,3040.89990234375,24.0
2025-11-11 08:52:00+00:00,3040.75,112.0
2025-11-11 08:53:00+00:00,3042.60009765625,199.0
2025-11-11 08:54:00+00:00,3041.0,9.0
2025-11-11 08:55:00+00:00,3041.25,236.0
2025-11-11 08:56:00+00:00,3042.64990234375,118.0
2025-11-11 08:57:00+00:00,3040.5,141.0
2025-11-11 08:58:00+00:00,3042.800048828125,182.0
2025-11-11 08:59:00+00:00,3041.300048828125,187.0
2025-11-11 09:00:00+00:00,3044.5,627.0
2025-11-11 09:01:00+00:00,3044.89990234375,157.0
2025-11-11 09:02:00+00:00,3044.949951171875,50.0
2025-11-11 09:03:00+00:00,3044.699951171875,126.0
2025-11-11 09:04:00+00:00,3043.0,48.0
2025-11-11 09:05:00+00:00,3043.0,154.0
2025-11-11 09:06:00+00:00,3043.199951171875,1322.0
2025-11-11 09:07:00+00:00,3043.0,5288.0
2025-11-11 09:08:00+00:00,3043.0,2832.0
2025-11-11 09:09:00+00:00,3043.0,2906.0
2025-11-11 09:10:00+00:00,3044.949951171875,197.0
2025-11-11 09:11:00+00:00,3043.89990234375,40.0
2025-11-11 09:12:00+00:00,3043.0,128.0
2025-11-11 09:13:00+00:00,3043.0,196.0
2025-11-11 09:14:00+00:00,3043.0,90.0
2025-11-11 09:15:00+00:00,3043.89990234375,424.0
2025-11-11 09:16:00+00:00,3043.39990234375,1041.0
2025-11-11 09:17:00+00:00,3042.89990234375,96.0
2025-11-11 09:18:00+00:00,3042.0,34.0
2025-11-11 09:19:00+00:00,3046.89990234375,1699.0
2025-11-11 09:20:00+00:00,3047.0,238.0
2025-11-11 09:21:00+00:00,3048.0,177.0
2025-11-11 09:22:00+00:00,3044.949951171875,474.0
2025-11-11 09:23:00+00:00,3045.0,132.0
2025-11-11 09:24:00+00:00,3045.0,142.0
2025-11-11 09:25:00+00:00,3042.64990234375,112.0
2025-11-11 09:26:00+00:00,3047.5,526.0
2025-11-11 09:27:00+00:00,3047.25,1154.0
2025-11-11 09:28:00+00:00,3045.89990234375,146.0
2025-11-11 09:29:00+00:00,3045.5,11.0
2025-11-11 09:30:00+00:00,3047.85009765625,484.0
2025-11-11 09:31:00+00:00,3046.35009765625,271.0
2025-11-11 09:32:00+00:00,3046.699951171875,27.0
2025-11-11 09:33:00+00:00,3048.60009765625,99.0
2025-11-11 09:34:00+00:00,3047.0,307.0
2025-11-11 09:35:00+00:00,3047.10009765625,82.0
2025-11-11 09:36:00+00:00,3046.550048828125,101.0
2025-11-11 09:37:00+00:00,3048.89990234375,213.0
2025-11-11 09:38:00+00:00,3046.0,191.0
2025-11-11 09:39:00+00:00,3044.199951171875,1059.0
2025-11-11 09:40:00+00:00,3043.550048828125,353.0
2025-11-11 09:41:00+00:00,3045.0,193.0
2025-11-11 09:42:00+00:00,3044.89990234375,470.0
2025-11-11 09:43:00+00:00,3043.75,168.0
2025-11-11 09:44:00+00:00,3046.050048828125,1053.0
2025-11-11 09:45:00+00:00,3048.5,324.0
2025-11-11 09:46:00+00:00,3046.85009765625,179.0
2025-11-11 09:47:00+00:00,3048.0,285.0
2025-11-11 09:48:00+00:00,3046.199951171875,406.0
2025-11-11 09:49:00+00:00,3047.050048828125,336.0
2025-11-11 09:50:00+00:00,3049.449951171875,588.0
2025-11-11 09:51:00+00:00,3050.0,2609.0
2025-11-11 09:52:00+00:00,3050.0,212.0
2025-11-11 09:53:00+00:00,3050.89990234375,378.0
2025-11-11 09:54:00+00:00,3048.199951171875,344.0
2025-11-11 09:55:00+00:00,3046.64990234375,266.0
2025-11-11 09:56:00+00:00,3048.89990234375,391.0
2025-11-11 09:57:00+00:00,3048.550048828125,391.0
2025-11-11 09:58:00+00:00,3049.0,669.0
2025-11-11 09:59:00+00:00,3049.0,156.0
2025-11-12 03:45:00+00:00,3074.89990234375,7454.0
2025-11-12 03:46:00+00:00,3070.5,1849.0
2025-11-12 03:47:00+00:00,3076.0,4012.0
2025-11-12 03:48:00+00:00,3077.64990234375,2375.0
2025-11-12 03:49:00+00:00,3080.89990234375,3806.0
2025-11-12 03:50:00+00:00,3082.25,1714.0
2025-11-12 03:51:00+00:00,3082.5,784.0
2025-11-12 03:52:00+00:00,3080.949951171875,1093.0
2025-11-12 03:53:00+00:00,3084.800048828125,1437.0
2025-11-12 03:54:00+00:00,3086.39990234375,2661.0
2025-11-12 03:55:00+00:00,3090.0,3462.0
2025-11-12 03:56:00+00:00,3089.949951171875,688.0
2025-11-12 03:57:00+00:00,3089.199951171875,2441.0
2025-11-12 03:58:00+00:00,3086.64990234375,978.0
2025-11-12 03:59:00+00:00,3090.0,1936.0
2025-11-12 04:00:00+00:00,3081.050048828125,11278.0
2025-11-12 04:01:00+00:00,3085.85009765625,10541.0
2025-11-12 04:02:00+00:00,3087.89990234375,715.0
2025-11-12 04:03:00+00:00,3087.39990234375,793.0
2025-11-12 04:04:00+00:00,3085.60009765625,1517.0
2025-11-12 04:05:00+00:00,3082.0,1003.0
2025-11-12 04:06:00+00:00,3082.0,409.0
2025-11-12 04:07:00+00:00,3082.0,203.0
2025-11-12 04:08:00+00:00,3082.14990234375,925.0
2025-11-12 04:09:00+00:00,3082.0,154.0
2025-11-12 04:10:00+00:00,3085.050048828125,729.0
2025-11-12 04:11:00+00:00,3087.39990234375,672.0
2025-11-12 04:12:00+00:00,3088.60009765625,453.0
2025-11-12 04:13:00+00:00,3095.25,5843.0
2025-11-12 04:14:00+00:00,3093.14990234375,1479.0
2025-11-12 04:15:00+00:00,3091.800048828125,1082.0
2025-11-12 04:16:00+00:00,3097.800048828125,3356.0
2025-11-12 04:17:00+00:00,3098.14990234375,7859.0
2025-11-12 04:18:00+00:00,3099.800048828125,2078.0
2025-11-12 04:19:00+00:00,3099.699951171875,1717.0
2025-11-12 04:20:00+00:00,3098.89990234375,3337.0
2025-11-12 04:21:00+00:00,3098.0,2219.0
2025-11-12 04:22:00+00:00,3097.89990234375,1047.0
2025-11-12 04:23:00+00:00,3097.5,309.0
2025-11-12 04:24:00+00:00,3098.199951171875,590.0
2025-11-12 04:25:00+00:00,3097.89990234375,542.0
2025-11-12 04:26:00+00:00,3095.300048828125,523.0
2025-11-12 04:27:00+00:00,3096.699951171875,309.0
2025-11-12 04:28:00+00:00,3097.0,1859.0
2025-11-12 04:29:00+00:00,3097.0,751.0
2025-11-12 04:30:00+00:00,3102.699951171875,8103.0
2025-11-12 04:31:00+00:00,3100.25,1268.0
2025-11-12 04:32:00+00:00,3100.0,639.0
2025-11-12 04:33:00+00:00,3100.0,982.0
2025-11-12 04:34:00+00:00,3099.199951171875,469.0
2025-11-12 04:35:00+00:00,3099.0,1195.0
2025-11-12 04:36:00+00:00,3102.0,857.0
2025-11-12 04:37:00+00:00,3100.0,1540.0
2025-11-12 04:38:00+00:00,3101.550048828125,520.0
2025-11-12 04:39:00+00:00,3099.10009765625,483.0
2025-11-12 04:40:00+00:00,3099.10009765625,1854.0
2025-11-12 04:41:00+00:00,3098.89990234375,2242.0
2025-11-12 04:42:00+00:00,3100.949951171875,534.0
2025-11-12 04:43:00+00:00,3100.0,372.0
2025-11-12 04:44:00+00:00,3100.10009765625,1551.0
2025-11-12 04:45:00+00:00,3102.0,917.0
2025-11-12 04:46:00+00:00,3104.550048828125,2271.0
2025-11-12 04:47:00+00:00,3103.5,264.0
2025-11-12 04:48:00+00:00,3101.949951171875,1240.0
2025-11-12 04:49:00+00:00,3100.0,415.0
2025-11-12 04:50:00+00:00,3100.0,218.0
2025-11-12 04:51:00+00:00,3100.300048828125,317.0
2025-11-12 04:52:00+00:00,3099.10009765625,934.0
2025-11-12 04:53:00+00:00,3100.89990234375,152.0
2025-11-12 04:54:00+00:00,3100.5,216.0
2025-11-12 04:55:00+00:00,3102.14990234375,1370.0
2025-11-12 04:56:00+00:00,3105.050048828125,2878.0
2025-11-12 04:57:00+00:00,3104.300048828125,1008.0
2025-11-12 04:58:00+00:00,3106.10009765625,1760.0
2025-11-12 04:59:00+00:00,3107.050048828125,700.0
2025-11-12 05:00:00+00:00,3107.0,310.0
2025-11-12 05:01:00+00:00,3108.550048828125,904.0
2025-11-12 05:02:00+00:00,3106.949951171875,932.0
2025-11-12 05:03:00+00:00,3106.300048828125,754.0
2025-11-12 05:04:00+00:00,3106.5,478.0
2025-11-12 05:05:00+00:00,3105.0,308.0
2025-11-12 05:06:00+00:00,3107.0,1229.0
2025-11-12 05:07:00+00:00,3106.14990234375,493.0
2025-11-12 05:08:00+00:00,3106.25,801.0
2025-11-12 05:09:00+00:00,3107.0,131.0
2025-11-12 05:10:00+00:00,3107.5,358.0
2025-11-12 05:11:00+00:00,3106.199951171875,672.0
2025-11-12 05:12:00+00:00,3105.300048828125,175.0
2025-11-12 05:13:00+00:00,3105.14990234375,447.0
2025-11-12 05:14:00+00:00,3105.89990234375,565.0
2025-11-12 05:15:00+00:00,3104.550048828125,221.0
2025-11-12 05:16:00+00:00,3104.550048828125,234.0
2025-11-12 05:17:00+00:00,3105.0,287.0
2025-11-12 05:18:00+00:00,3103.199951171875,574.0
2025-11-12 05:19:00+00:00,3110.0,7256.0
2025-11-12 05:20:00+00:00,3110.60009765625,229.0
2025-11-12 05:21:00+00:00,3110.60009765625,1456.0
2025-11-12 05:22:00+00:00,3110.60009765625,726.0
2025-11-12 05:23:00+00:00,3114.0,2676.0
2025-11-12 05:24:00+00:00,3119.0,3376.0
2025-11-12 05:25:00+00:00,3119.199951171875,652.0
2025-11-12 05:26:00+00:00,3118.10009765625,2869.0
2025-11-12 05:27:00+00:00,3119.0,244.0
2025-11-12 05:28:00+00:00,3116.300048828125,1417.0
2025-11-12 05:29:00+00:00,3116.10009765625,477.0
2025-11-12 05:30:00+00:00,3115.0,472.0
2025-11-12 05:31:00+00:00,3113.800048828125,389.0
2025-11-12 05:32:00+00:00,3111.89990234375,939.0
2025-11-12 05:33:00+00:00,3108.550048828125,478.0
2025-11-12 05:34:00+00:00,3110.75,660.0
2025-11-12 05:35:00+00:00,3110.550048828125,495.0
2025-11-12 05:36:00+00:00,3113.550048828125,547.0
2025-11-12 05:37:00+00:00,3112.800048828125,892.0
2025-11-12 05:38:00+00:00,3113.0,256.0
2025-11-12 05:39:00+00:00,3114.85009765625,488.0
2025-11-12 05:40:00+00:00,3115.0,272.0
2025-11-12 05:41:00+00:00,3111.25,891.0
2025-11-12 05:42:00+00:00,3111.89990234375,348.0
2025-11-12 05:43:00+00:00,3111.64990234375,308.0
2025-11-12 05:44:00+00:00,3112.800048828125,202.0
2025-11-12 05:45:00+00:00,3114.449951171875,147.0
2025-11-12 05:46:00+00:00,3114.5,258.0
2025-11-12 05:47:00+00:00,3113.800048828125,173.0
2025-11-12 05:48:00+00:00,3114.550048828125,623.0
2025-11-12 05:49:00+00:00,3114.0,279.0
2025-11-12 05:50:00+00:00,3115.10009765625,997.0
2025-11-12 05:51:00+00:00,3117.0,263.0
2025-11-12 05:52:00+00:00,3116.0,419.0
2025-11-12 05:53:00+00:00,3116.5,240.0
2025-11-12 05:54:00+00:00,3117.0,379.0
2025-11-12 05:55:00+00:00,3117.0,645.0
2025-11-12 05:56:00+00:00,3115.0,510.0
2025-11-12 05:57:00+00:00,3115.800048828125,470.0
2025-11-12 05:58:00+00:00,3115.64990234375,958.0
2025-11-12 05:59:00+00:00,3116.64990234375,454.0
2025-11-12 06:00:00+00:00,3116.0,126.0
2025-11-12 06:01:00+00:00,3116.39990234375,304.0
2025-11-12 06:02:00+00:00,3116.0,473.0
2025-11-12 06:03:00+00:00,3117.39990234375,200.0
2025-11-12 06:04:00+00:00,3117.0,392.0
2025-11-12 06:05:00+00:00,3117.0,81.0
2025-11-12 06:06:00+00:00,3115.5,187.0
2025-11-12 06:07:00+00:00,3116.800048828125,356.0
2025-11-12 06:08:00+00:00,3117.0,177.0
2025-11-12 06:09:00+00:00,3115.89990234375,343.0
2025-11-12 06:10:00+00:00,3117.050048828125,118.0
2025-11-12 06:11:00+00:00,3116.10009765625,231.0
2025-11-12 06:12:00+00:00,3114.0,459.0
2025-11-12 06:13:00+00:00,3116.0,209.0
2025-11-12 06:14:00+00:00,3115.5,221.0
2025-11-12 06:15:00+00:00,3115.800048828125,187.0
2025-11-12 06:16:00+00:00,3116.75,270.0
2025-11-12 06:17:00+00:00,3116.5,76.0
2025-11-12 06:18:00+00:00,3116.0,156.0
2025-11-12 06:19:00+00:00,3115.5,144.0
2025-11-12 06:20:00+00:00,3113.800048828125,275.0
2025-11-12 06:21:00+00:00,3115.300048828125,489.0
2025-11-12 06:22:00+00:00,3115.300048828125,328.0
2025-11-12 06:23:00+00:00,3115.35009765625,327.0
2025-11-12 06:24:00+00:00,3116.550048828125,501.0
2025-11-12 06:25:00+00:00,3117.25,1358.0
2025-11-12 06:26:00+00:00,3118.89990234375,709.0
2025-11-12 06:27:00+00:00,3116.10009765625,1728.0
2025-11-12 06:28:00+00:00,3117.39990234375,151.0
2025-11-12 06:29:00+00:00,3116.85009765625,281.0
2025-11-12 06:30:00+00:00,3116.85009765625,169.0
2025-11-12 06:31:00+00:00,3116.699951171875,752.0
2025-11-12 06:32:00+00:00,3115.0,171.0
2025-11-12 06:33:00+00:00,3116.0,71.0
2025-11-12 06:34:00+00:00,3115.85009765625,285.0
2025-11-12 06:35:00+00:00,3115.14990234375,128.0
2025-11-12 06:36:00+00:00,3115.0,111.0
2025-11-12 06:37:00+00:00,3115.0,360.0
2025-11-12 06:38:00+00:00,3115.60009765625,1293.0
2025-11-12 06:39:00+00:00,3118.0,655.0
2025-11-12 06:40:00+00:00,3117.85009765625,363.0
2025-11-12 06:41:00+00:00,3117.449951171875,663.0
2025-11-12 06:42:00+00:00,3116.800048828125,603.0
2025-11-12 06:43:00+00:00,3116.10009765625,425.0
2025-11-12 06:44:00+00:00,3117.60009765625,259.0
2025-11-12 06:45:00+00:00,3117.60009765625,354.0
2025-11-12 06:46:00+00:00,3115.050048828125,1389.0
2025-11-12 06:47:00+00:00,3114.550048828125,245.0
2025-11-12 06:48:00+00:00,3116.0,281.0
2025-11-12 06:49:00+00:00,3114.25,422.0
2025-11-12 06:50:00+00:00,3115.949951171875,88.0
2025-11-12 06:51:00+00:00,3115.39990234375,179.0
2025-11-12 06:52:00+00:00,3115.699951171875,58.0
2025-11-12 06:53:00+00:00,3115.0,90.0
2025-11-12 06:54:00+00:00,3116.5,356.0
2025-11-12 06:55:00+00:00,3116.949951171875,27.0
2025-11-12 06:56:00+00:00,3116.89990234375,221.0
2025-11-12 06:57:00+00:00,3115.25,136.0
2025-11-12 06:58:00+00:00,3117.35009765625,580.0
2025-11-12 06:59:00+00:00,3119.300048828125,225.0
2025-11-12 07:00:00+00:00,3120.0,1297.0
2025-11-12 07:01:00+00:00,3121.300048828125,2176.0
2025-11-12 07:02:00+00:00,3120.0,385.0
2025-11-12 07:03:00+00:00,3119.35009765625,88.0
2025-11-12 07:04:00+00:00,3119.0,349.0
2025-11-12 07:05:00+00:00,3119.050048828125,371.0
2025-11-12 07:06:00+00:00,3120.0,269.0
2025-11-12 07:07:00+00:00,3119.0,479.0
2025-11-12 07:08:00+00:00,3119.800048828125,808.0
2025-11-12 07:09:00+00:00,3119.949951171875,614.0
2025-11-12 07:10:00+00:00,3119.800048828125,464.0
2025-11-12 07:11:00+00:00,3120.0,1060.0
2025-11-12 07:12:00+00:00,3118.60009765625,701.0
2025-11-12 07:13:00+00:00,3120.0,260.0
2025-11-12 07:14:00+00:00,3120.5,182.0
2025-11-12 07:15:00+00:00,3118.550048828125,459.0
2025-11-12 07:16:00+00:00,3118.85009765625,730.0
2025-11-12 07:17:00+00:00,3120.0,519.0
2025-11-12 07:18:00+00:00,3119.949951171875,583.0
2025-11-12 07:19:00+00:00,3120.5,508.0
2025-11-12 07:20:00+00:00,3119.949951171875,266.0
2025-11-12 07:21:00+00:00,3118.75,162.0
2025-11-12 07:22:00+00:00,3120.199951171875,317.0
2025-11-12 07:23:00+00:00,3118.699951171875,525.0
2025-11-12 07:24:00+00:00,3117.0,340.0
2025-11-12 07:25:00+00:00,3117.0,43.0
2025-11-12 07:26:00+00:00,3120.199951171875,1048.0
2025-11-12 07:27:00+00:00,3120.550048828125,1939.0
2025-11-12 07:28:00+00:00,3121.14990234375,284.0
2025-11-12 07:29:00+00:00,3122.75,1344.0
2025-11-12 07:30:00+00:00,3122.949951171875,727.0
2025-11-12 07:31:00+00:00,3121.050048828125,999.0
2025-11-12 07:32:00+00:00,3121.60009765625,154.0
2025-11-12 07:33:00+00:00,3121.0,384.0
2025-11-12 07:34:00+00:00,3123.0,406.0
2025-11-12 07:35:00+00:00,3123.10009765625,611.0
2025-11-12 07:36:00+00:00,3122.199951171875,854.0
2025-11-12 07:37:00+00:00,3121.85009765625,233.0
2025-11-12 07:38:00+00:00,3121.199951171875,195.0
2025-11-12 07:39:00+00:00,3120.60009765625,269.0
2025-11-12 07:40:00+00:00,3122.10009765625,118.0
2025-11-12 07:41:00+00:00,3120.550048828125,160.0
2025-11-12 07:42:00+00:00,3124.85009765625,796.0
2025-11-12 07:43:00+00:00,3125.0,963.0
2025-11-12 07:44:00+00:00,3125.0,1101.0
2025-11-12 07:45:00+00:00,3124.949951171875,472.0
2025-11-12 07:46:00+00:00,3125.0,795.0
2025-11-12 07:47:00+00:00,3125.0,352.0
2025-11-12 07:48:00+00:00,3125.0,658.0
2025-11-12 07:49:00+00:00,3124.5,1397.0
2025-11-12 07:50:00+00:00,3124.0,135.0
2025-11-12 07:51:00+00:00,3124.85009765625,513.0
2025-11-12 07:52:00+00:00,3124.89990234375,196.0
2025-11-12 07:53:00+00:00,3123.39990234375,817.0
2025-11-12 07:54:00+00:00,3124.800048828125,460.0
2025-11-12 07:55:00+00:00,3124.0,276.0
2025-11-12 07:56:00+00:00,3124.0,544.0
2025-11-12 07:57:00+00:00,3124.5,316.0
2025-11-12 07:58:00+00:00,3123.10009765625,83.0
2025-11-12 07:59:00+00:00,3122.25,308.0
2025-11-12 08:00:00+00:00,3123.0,329.0
2025-11-12 08:01:00+00:00,3121.699951171875,212.0
2025-11-12 08:02:00+00:00,3120.949951171875,191.0
2025-11-12 08:03:00+00:00,3120.949951171875,470.0
2025-11-12 08:04:00+00:00,3121.39990234375,170.0
2025-11-12 08:05:00+00:00,3120.0,292.0
2025-11-12 08:06:00+00:00,3119.75,336.0
2025-11-12 08:07:00+00:00,3122.0,143.0
2025-11-12 08:08:00+00:00,3122.0,659.0
2025-11-12 08:09:00+00:00,3121.60009765625,791.0
2025-11-12 08:10:00+00:00,3124.35009765625,2770.0
2025-11-12 08:11:00+00:00,3123.85009765625,489.0
2025-11-12 08:12:00+00:00,3123.5,328.0
2025-11-12 08:13:00+00:00,3124.39990234375,561.0
2025-11-12 08:14:00+00:00,3124.199951171875,349.0
2025-11-12 08:15:00+00:00,3124.800048828125,663.0
2025-11-12 08:16:00+00:00,3123.800048828125,422.0
2025-11-12 08:17:00+00:00,3124.85009765625,424.0
2025-11-12 08:18:00+00:00,3123.10009765625,183.0
2025-11-12 08:19:00+00:00,3124.0,28.0
2025-11-12 08:20:00+00:00,3123.0,462.0
2025-11-12 08:21:00+00:00,3123.449951171875,109.0
2025-11-12 08:22:00+00:00,3123.75,156.0
2025-11-12 08:23:00+00:00,3123.0,82.0
2025-11-12 08:24:00+00:00,3121.800048828125,197.0
2025-11-12 08:25:00+00:00,3120.800048828125,241.0
2025-11-12 08:26:00+00:00,3122.5,82.0
2025-11-12 08:27:00+00:00,3121.0,49.0
2025-11-12 08:28:00+00:00,3122.25,130.0
2025-11-12 08:29:00+00:00,3120.199951171875,421.0
2025-11-12 08:30:00+00:00,3121.5,107.0
2025-11-12 08:31:00+00:00,3121.5,201.0
2025-11-12 08:32:00+00:00,3120.10009765625,140.0
2025-11-12 08:33:00+00:00,3120.14990234375,172.0
2025-11-12 08:34:00+00:00,3121.39990234375,400.0
2025-11-12 08:35:00+00:00,3121.39990234375,347.0
2025-11-12 08:36:00+00:00,3121.39990234375,241.0
2025-11-12 08:37:00+00:00,3121.10009765625,599.0
2025-11-12 08:38:00+00:00,3121.0,200.0
2025-11-12 08:39:00+00:00,3118.10009765625,479.0
2025-11-12 08:40:00+00:00,3120.39990234375,675.0
2025-11-12 08:41:00+00:00,3120.0,398.0
2025-11-12 08:42:00+00:00,3120.0,489.0
2025-11-12 08:43:00+00:00,3119.949951171875,318.0
2025-11-12 08:44:00+00:00,3119.949951171875,259.0
2025-11-12 08:45:00+00:00,3119.300048828125,691.0
2025-11-12 08:46:00+00:00,3119.699951171875,774.0
2025-11-12 08:47:00+00:00,3120.0,578.0
2025-11-12 08:48:00+00:00,3120.0,733.0
2025-11-12 08:49:00+00:00,3120.449951171875,1088.0
2025-11-12 08:50:00+00:00,3120.89990234375,258.0
2025-11-12 08:51:00+00:00,3120.14990234375,103.0
2025-11-12 08:52:00+00:00,3120.0,129.0
2025-11-12 08:53:00+00:00,3119.5,144.0
2025-11-12 08:54:00+00:00,3121.0,146.0
2025-11-12 08:55:00+00:00,3122.0,581.0
2025-11-12 08:56:00+00:00,3123.199951171875,475.0
2025-11-12 08:57:00+00:00,3124.0,620.0
2025-11-12 08:58:00+00:00,3123.699951171875,780.0
2025-11-12 08:59:00+00:00,3122.85009765625,178.0
2025-11-12 09:00:00+00:00,3121.949951171875,80.0
2025-11-12 09:01:00+00:00,3124.0,223.0
2025-11-12 09:02:00+00:00,3123.39990234375,224.0
2025-11-12 09:03:00+00:00,3123.89990234375,711.0
2025-11-12 09:04:00+00:00,3124.0,429.0
2025-11-12 09:05:00+00:00,3124.60009765625,754.0
2025-11-12 09:06:00+00:00,3123.300048828125,396.0
2025-11-12 09:07:00+00:00,3124.5,119.0
2025-11-12 09:08:00+00:00,3123.0,358.0
2025-11-12 09:09:00+00:00,3124.800048828125,202.0
2025-11-12 09:10:00+00:00,3125.0,430.0
2025-11-12 09:11:00+00:00,3123.5,446.0
2025-11-12 09:12:00+00:00,3122.949951171875,363.0
2025-11-12 09:13:00+00:00,3121.75,192.0
2025-11-12 09:14:00+00:00,3123.75,138.0
2025-11-12 09:15:00+00:00,3123.800048828125,732.0
2025-11-12 09:16:00+00:00,3125.0,1080.0
2025-11-12 09:17:00+00:00,3129.949951171875,3738.0
2025-11-12 09:18:00+00:00,3129.949951171875,459.0
2025-11-12 09:19:00+00:00,3130.14990234375,2914.0
2025-11-12 09:20:00+00:00,3130.449951171875,533.0
2025-11-12 09:21:00+00:00,3130.699951171875,407.0
2025-11-12 09:22:00+00:00,3131.0,362.0
2025-11-12 09:23:00+00:00,3131.199951171875,383.0
2025-11-12 09:24:00+00:00,3130.0,631.0
2025-11-12 09:25:00+00:00,3130.39990234375,254.0
2025-11-12 09:26:00+00:00,3131.14990234375,2197.0
2025-11-12 09:27:00+00:00,3131.199951171875,4870.0
2025-11-12 09:28:00+00:00,3133.64990234375,3752.0
2025-11-12 09:29:00+00:00,3132.5,1066.0
2025-11-12 09:30:00+00:00,3132.800048828125,349.0
2025-11-12 09:31:00+00:00,3134.449951171875,963.0
2025-11-12 09:32:00+00:00,3135.5,1655.0
2025-11-12 09:33:00+00:00,3133.89990234375,318.0
2025-11-12 09:34:00+00:00,3134.0,183.0
2025-11-12 09:35:00+00:00,3135.300048828125,712.0
2025-11-12 09:36:00+00:00,3134.85009765625,529.0
2025-11-12 09:37:00+00:00,3132.39990234375,119.0
2025-11-12 09:38:00+00:00,3132.199951171875,549.0
2025-11-12 09:39:00+00:00,3134.25,728.0
2025-11-12 09:40:00+00:00,3132.89990234375,563.0
2025-11-12 09:41:00+00:00,3135.050048828125,1407.0
2025-11-12 09:42:00+00:00,3135.0,207.0
2025-11-12 09:43:00+00:00,3134.0,296.0
2025-11-12 09:44:00+00:00,3134.0,345.0
2025-11-12 09:45:00+00:00,3132.949951171875,1027.0
2025-11-12 09:46:00+00:00,3131.10009765625,261.0
2025-11-12 09:47:00+00:00,3127.0,312.0
2025-11-12 09:48:00+00:00,3126.199951171875,278.0
2025-11-12 09:49:00+00:00,3126.10009765625,251.0
2025-11-12 09:50:00+00:00,3125.35009765625,289.0
2025-11-12 09:51:00+00:00,3124.85009765625,534.0
2025-11-12 09:52:00+00:00,3128.199951171875,798.0
2025-11-12 09:53:00+00:00,3129.5,528.0
2025-11-12 09:54:00+00:00,3126.5,249.0
2025-11-12 09:55:00+00:00,3127.550048828125,314.0
2025-11-12 09:56:00+00:00,3125.89990234375,293.0
2025-11-12 09:57:00+00:00,3127.199951171875,519.0
2025-11-12 09:58:00+00:00,3124.449951171875,1065.0
2025-11-12 09:59:00+00:00,3131.25,787.0
2025-11-13 03:45:00+00:00,3119.949951171875,1717.0
2025-11-13 03:46:00+00:00,3114.0,288.0
2025-11-13 03:47:00+00:00,3115.0,829.0
2025-11-13 03:48:00+00:00,3119.800048828125,2173.0
2025-11-13 03:49:00+00:00,3115.699951171875,2305.0
2025-11-13 03:50:00+00:00,3118.10009765625,479.0
2025-11-13 03:51:00+00:00,3118.0,101.0
2025-11-13 03:52:00+00:00,3116.25,326.0
2025-11-13 03:53:00+00:00,3109.050048828125,1241.0
2025-11-13 03:54:00+00:00,3108.75,1174.0
2025-11-13 03:55:00+00:00,3113.39990234375,3169.0
2025-11-13 03:56:00+00:00,3114.949951171875,238.0
2025-11-13 03:57:00+00:00,3117.050048828125,1787.0
2025-11-13 03:58:00+00:00,3119.800048828125,4618.0
2025-11-13 03:59:00+00:00,3118.949951171875,195.0
2025-11-13 04:00:00+00:00,3112.550048828125,435.0
2025-11-13 04:01:00+00:00,3113.39990234375,175.0
2025-11-13 04:02:00+00:00,3115.5,328.0
2025-11-13 04:03:00+00:00,3112.0,165.0
2025-11-13 04:04:00+00:00,3110.14990234375,554.0
2025-11-13 04:05:00+00:00,3111.14990234375,109.0
2025-11-13 04:06:00+00:00,3109.25,3142.0
2025-11-13 04:07:00+00:00,3113.10009765625,3217.0
2025-11-13 04:08:00+00:00,3115.85009765625,165.0
2025-11-13 04:09:00+00:00,3115.550048828125,63.0
2025-11-13 04:10:00+00:00,3114.699951171875,147.0
2025-11-13 04:11:00+00:00,3112.550048828125,97.0
2025-11-13 04:12:00+00:00,3109.0,274.0
2025-11-13 04:13:00+00:00,3112.550048828125,130.0
2025-11-13 04:14:00+00:00,3110.800048828125,3103.0
2025-11-13 04:15:00+00:00,3119.550048828125,3302.0
2025-11-13 04:16:00+00:00,3120.699951171875,308.0
2025-11-13 04:17:00+00:00,3121.5,188.0
2025-11-13 04:18:00+00:00,3119.35009765625,155.0
2025-11-13 04:19:00+00:00,3118.5,141.0
2025-11-13 04:20:00+00:00,3121.60009765625,286.0
2025-11-13 04:21:00+00:00,3119.35009765625,80.0
2025-11-13 04:22:00+00:00,3117.0,140.0
2025-11-13 04:23:00+00:00,3117.60009765625,82.0
2025-11-13 04:24:00+00:00,3116.0,85.0
2025-11-13 04:25:00+00:00,3116.0,44.0
2025-11-13 04:26:00+00:00,3115.550048828125,49.0
2025-11-13 04:27:00+00:00,3118.0,115.0
2025-11-13 04:28:00+00:00,3118.050048828125,39.0
2025-11-13 04:29:00+00:00,3119.89990234375,62.0
2025-11-13 04:30:00+00:00,3118.0,11.0
2025-11-13 04:31:00+00:00,3117.60009765625,7.0
2025-11-13 04:32:00+00:00,3119.050048828125,127.0
2025-11-13 04:33:00+00:00,3118.75,17.0
2025-11-13 04:34:00+00:00,3118.449951171875,56.0
2025-11-13 04:35:00+00:00,3119.050048828125,25.0
2025-11-13 04:36:00+00:00,3119.0,11.0
2025-11-13 04:37:00+00:00,3118.89990234375,38.0
2025-11-13 04:38:00+00:00,3118.89990234375,29.0
2025-11-13 04:39:00+00:00,3117.89990234375,2125.0
2025-11-13 04:40:00+00:00,3123.60009765625,4145.0
2025-11-13 04:41:00+00:00,3118.5,57.0
2025-11-13 04:42:00+00:00,3116.050048828125,75.0
2025-11-13 04:43:00+00:00,3116.449951171875,16.0
2025-11-13 04:44:00+00:00,3117.0,33.0
2025-11-13 04:45:00+00:00,3119.14990234375,94.0
2025-11-13 04:46:00+00:00,3119.39990234375,36.0
2025-11-13 04:47:00+00:00,3121.0,47.0
2025-11-13 04:48:00+00:00,3120.39990234375,102.0
2025-11-13 04:49:00+00:00,3120.699951171875,79.0
2025-11-13 04:50:00+00:00,3116.89990234375,226.0
2025-11-13 04:51:00+00:00,3119.550048828125,172.0
2025-11-13 04:52:00+00:00,3119.25,54.0
2025-11-13 04:53:00+00:00,3118.050048828125,74.0
2025-11-13 04:54:00+00:00,3121.60009765625,126.0
2025-11-13 04:55:00+00:00,3120.60009765625,267.0
2025-11-13 04:56:00+00:00,3118.64990234375,133.0
2025-11-13 04:57:00+00:00,3118.550048828125,36.0
2025-11-13 04:58:00+00:00,3118.25,43.0
2025-11-13 04:59:00+00:00,3118.5,82.0
2025-11-13 05:00:00+00:00,3120.699951171875,63.0
2025-11-13 05:01:00+00:00,3120.949951171875,99.0
2025-11-13 05:02:00+00:00,3119.949951171875,133.0
2025-11-13 05:03:00+00:00,3120.300048828125,39.0
2025-11-13 05:04:00+00:00,3121.5,74.0
2025-11-13 05:05:00+00:00,3121.5,40.0
2025-11-13 05:06:00+00:00,3122.0,52.0
2025-11-13 05:07:00+00:00,3121.699951171875,20.0
2025-11-13 05:08:00+00:00,3120.699951171875,19.0
2025-11-13 05:09:00+00:00,3121.14990234375,34.0
2025-11-13 05:10:00+00:00,3120.699951171875,108.0
2025-11-13 05:11:00+00:00,3119.89990234375,36.0
2025-11-13 05:12:00+00:00,3118.050048828125,25.0
2025-11-13 05:13:00+00:00,3118.10009765625,42.0
2025-11-13 05:14:00+00:00,3119.5,324.0
2025-11-13 05:15:00+00:00,3120.0,53.0
2025-11-13 05:16:00+00:00,3118.39990234375,662.0
2025-11-13 05:17:00+00:00,3117.5,34.0
2025-11-13 05:18:00+00:00,3117.10009765625,72.0
2025-11-13 05:19:00+00:00,3118.25,70.0
2025-11-13 05:20:00+00:00,3118.85009765625,128.0
2025-11-13 05:21:00+00:00,3121.300048828125,358.0
2025-11-13 05:22:00+00:00,3122.199951171875,89.0
2025-11-13 05:23:00+00:00,3123.14990234375,141.0
2025-11-13 05:24:00+00:00,3122.699951171875,117.0
2025-11-13 05:25:00+00:00,3121.300048828125,33.0
2025-11-13 05:26:00+00:00,3121.0,29.0
2025-11-13 05:27:00+00:00,3120.800048828125,363.0
2025-11-13 05:28:00+00:00,3120.10009765625,209.0
2025-11-13 05:29:00+00:00,3122.25,124.0
2025-11-13 05:30:00+00:00,3121.75,162.0
2025-11-13 05:31:00+00:00,3120.35009765625,4.0
2025-11-13 05:32:00+00:00,3120.35009765625,9.0
2025-11-13 05:33:00+00:00,3122.699951171875,68.0
2025-11-13 05:34:00+00:00,3122.800048828125,382.0
2025-11-13 05:35:00+00:00,3123.89990234375,74.0
2025-11-13 05:36:00+00:00,3125.0,77.0
2025-11-13 05:37:00+00:00,3123.10009765625,77.0
2025-11-13 05:38:00+00:00,3121.699951171875,99.0
2025-11-13 05:39:00+00:00,3123.050048828125,24.0
2025-11-13 05:40:00+00:00,3122.39990234375,13.0
2025-11-13 05:41:00+00:00,3122.199951171875,56.0
2025-11-13 05:42:00+00:00,3120.5,103.0
2025-11-13 05:43:00+00:00,3120.5,55.0
2025-11-13 05:44:00+00:00,3121.35009765625,2.0
2025-11-13 05:45:00+00:00,3120.0,180.0
2025-11-13 05:46:00+00:00,3121.199951171875,110.0
2025-11-13 05:47:00+00:00,3121.5,39.0
2025-11-13 05:48:00+00:00,3120.050048828125,33.0
2025-11-13 05:49:00+00:00,3121.39990234375,69.0
2025-11-13 05:50:00+00:00,3120.0,194.0
2025-11-13 05:51:00+00:00,3120.0,3122.0
2025-11-13 05:52:00+00:00,3120.0,695.0
2025-11-13 05:53:00+00:00,3117.0,178.0
2025-11-13 05:54:00+00:00,3117.39990234375,57.0
2025-11-13 05:55:00+00:00,3115.0,57.0
2025-11-13 05:56:00+00:00,3114.60009765625,116.0
2025-11-13 05:57:00+00:00,3115.14990234375,146.0
2025-11-13 05:58:00+00:00,3119.5,148.0
2025-11-13 05:59:00+00:00,3117.949951171875,2204.0
2025-11-13 06:00:00+00:00,3117.75,1840.0
2025-11-13 06:01:00+00:00,3118.0,25.0
2025-11-13 06:02:00+00:00,3118.5,97.0
2025-11-13 06:03:00+00:00,3121.0,97.0
2025-11-13 06:04:00+00:00,3119.0,62.0
2025-11-13 06:05:00+00:00,3119.199951171875,36.0
2025-11-13 06:06:00+00:00,3119.199951171875,2.0
2025-11-13 06:07:00+00:00,3120.64990234375,58.0
2025-11-13 06:08:00+00:00,3120.64990234375,143.0
2025-11-13 06:09:00+00:00,3121.5,132.0
2025-11-13 06:10:00+00:00,3120.199951171875,44.0
2025-11-13 06:11:00+00:00,3119.0,77.0
2025-11-13 06:12:00+00:00,3116.25,94.0
2025-11-13 06:13:00+00:00,3117.0,92.0
2025-11-13 06:14:00+00:00,3114.800048828125,107.0
2025-11-13 06:15:00+00:00,3114.300048828125,59.0
2025-11-13 06:16:00+00:00,3115.39990234375,48.0
2025-11-13 06:17:00+00:00,3118.050048828125,48.0
2025-11-13 06:18:00+00:00,3118.699951171875,58.0
2025-11-13 06:19:00+00:00,3117.0,73.0
2025-11-13 06:20:00+00:00,3117.199951171875,40.0
2025-11-13 06:21:00+00:00,3116.85009765625,2.0
2025-11-13 06:23:00+00:00,3115.5,220.0
2025-11-13 06:24:00+00:00,3116.85009765625,68.0
2025-11-13 06:25:00+00:00,3116.85009765625,2.0
2025-11-13 06:26:00+00:00,3116.85009765625,58.0
2025-11-13 06:27:00+00:00,3115.199951171875,14.0
2025-11-13 06:28:00+00:00,3116.85009765625,59.0
2025-11-13 06:29:00+00:00,3116.85009765625,68.0
2025-11-13 06:30:00+00:00,3117.800048828125,6.0
2025-11-13 06:31:00+00:00,3115.550048828125,39.0
2025-11-13 06:32:00+00:00,3115.5,7.0
2025-11-13 06:33:00+00:00,3115.0,63.0
2025-11-13 06:35:00+00:00,3115.300048828125,13.0
2025-11-13 06:36:00+00:00,3118.0,173.0
2025-11-13 06:37:00+00:00,3119.949951171875,152.0
2025-11-13 06:38:00+00:00,3118.5,52.0
2025-11-13 06:39:00+00:00,3119.699951171875,22587.0
2025-11-13 06:40:00+00:00,3119.14990234375,2.0
2025-11-13 06:41:00+00:00,3120.0,99.0
2025-11-13 06:42:00+00:00,3122.0,150.0
2025-11-13 06:43:00+00:00,3121.75,25.0
2025-11-13 06:44:00+00:00,3120.64990234375,32.0
2025-11-13 06:45:00+00:00,3121.10009765625,91.0
2025-11-13 06:46:00+00:00,3121.5,210.0
2025-11-13 06:47:00+00:00,3121.0,59.0
2025-11-13 06:48:00+00:00,3120.64990234375,106.0
2025-11-13 06:49:00+00:00,3122.0,73.0
2025-11-13 06:50:00+00:00,3121.699951171875,59.0
2025-11-13 06:51:00+00:00,3122.0,43.0
2025-11-13 06:53:00+00:00,3121.800048828125,11.0
2025-11-13 06:54:00+00:00,3120.449951171875,65.0
2025-11-13 06:55:00+00:00,3120.699951171875,1.0
2025-11-13 06:56:00+00:00,3121.75,5.0
2025-11-13 06:57:00+00:00,3121.75,32.0
2025-11-13 06:58:00+00:00,3121.75,225.0
2025-11-13 06:59:00+00:00,3120.699951171875,61.0
2025-11-13 07:00:00+00:00,3121.89990234375,63.0
2025-11-13 07:01:00+00:00,3120.25,48.0
2025-11-13 07:02:00+00:00,3122.89990234375,123.0
2025-11-13 07:03:00+00:00,3121.5,64.0
2025-11-13 07:04:00+00:00,3121.5,65.0
2025-11-13 07:05:00+00:00,3121.5,60.0
2025-11-13 07:06:00+00:00,3119.699951171875,59.0
2025-11-13 07:07:00+00:00,3120.800048828125,139.0
2025-11-13 07:08:00+00:00,3119.199951171875,42.0
2025-11-13 07:09:00+00:00,3119.050048828125,60.0
2025-11-13 07:10:00+00:00,3119.550048828125,10.0
2025-11-13 07:11:00+00:00,3119.550048828125,13.0
2025-11-13 07:12:00+00:00,3118.199951171875,91.0
2025-11-13 07:13:00+00:00,3117.5,92.0
2025-11-13 07:14:00+00:00,3118.60009765625,154.0
2025-11-13 07:15:00+00:00,3117.300048828125,2724.0
2025-11-13 07:16:00+00:00,3117.75,1129.0
2025-11-13 07:17:00+00:00,3119.39990234375,2.0
2025-11-13 07:18:00+00:00,3117.449951171875,158.0
2025-11-13 07:19:00+00:00,3118.949951171875,2.0
2025-11-13 07:20:00+00:00,3118.949951171875,8.0
2025-11-13 07:21:00+00:00,3117.300048828125,23.0
2025-11-13 07:22:00+00:00,3117.0,56.0
2025-11-13 07:23:00+00:00,3116.199951171875,81.0
2025-11-13 07:24:00+00:00,3115.300048828125,202.0
2025-11-13 07:25:00+00:00,3116.35009765625,33.0
2025-11-13 07:26:00+00:00,3115.75,30.0
2025-11-13 07:27:00+00:00,3115.75,1.0
2025-11-13 07:28:00+00:00,3115.25,60.0
2025-11-13 07:29:00+00:00,3115.39990234375,16.0
2025-11-13 07:31:00+00:00,3118.949951171875,9.0
2025-11-13 07:32:00+00:00,3120.199951171875,32.0
2025-11-13 07:33:00+00:00,3121.050048828125,6.0
2025-11-13 07:34:00+00:00,3120.699951171875,10.0
2025-11-13 07:35:00+00:00,3121.0,96.0
2025-11-13 07:37:00+00:00,3118.550048828125,230.0
2025-11-13 07:39:00+00:00,3119.949951171875,5.0
2025-11-13 07:40:00+00:00,3118.60009765625,50.0
2025-11-13 07:41:00+00:00,3118.75,27.0
2025-11-13 07:42:00+00:00,3118.85009765625,199.0
2025-11-13 07:43:00+00:00,3119.949951171875,7.0
2025-11-13 07:44:00+00:00,3120.199951171875,5.0
2025-11-13 07:45:00+00:00,3120.85009765625,20.0
2025-11-13 07:46:00+00:00,3120.0,33.0
2025-11-13 07:47:00+00:00,3121.5,1002.0
2025-11-13 07:48:00+00:00,3120.800048828125,17.0
2025-11-13 07:49:00+00:00,3121.89990234375,3.0
2025-11-13 07:50:00+00:00,3121.0,80.0
2025-11-13 07:52:00+00:00,3121.699951171875,18.0
2025-11-13 07:53:00+00:00,3122.0,310.0
2025-11-13 07:54:00+00:00,3123.0,100.0
2025-11-13 07:55:00+00:00,3121.89990234375,37.0
2025-11-13 07:56:00+00:00,3119.60009765625,64.0
2025-11-13 07:57:00+00:00,3121.0,37.0
2025-11-13 07:58:00+00:00,3120.5,56.0
2025-11-13 07:59:00+00:00,3119.10009765625,87.0
2025-11-13 08:00:00+00:00,3119.14990234375,43.0
2025-11-13 08:01:00+00:00,3119.25,631.0
2025-11-13 08:02:00+00:00,3119.25,36.0
2025-11-13 08:03:00+00:00,3119.60009765625,1112.0
2025-11-13 08:04:00+00:00,3120.14990234375,2170.0
2025-11-13 08:05:00+00:00,3121.64990234375,1097.0
2025-11-13 08:08:00+00:00,3122.5,10.0
2025-11-13 08:10:00+00:00,3123.14990234375,10.0
2025-11-13 08:11:00+00:00,3123.300048828125,13.0
2025-11-13 08:12:00+00:00,3123.300048828125,1.0
2025-11-13 08:13:00+00:00,3123.300048828125,2.0
2025-11-13 08:14:00+00:00,3123.14990234375,9.0
2025-11-13 08:15:00+00:00,3125.300048828125,1047.0
2025-11-13 08:16:00+00:00,3123.60009765625,8.0
2025-11-13 08:17:00+00:00,3123.699951171875,79.0
2025-11-13 08:18:00+00:00,3121.0,17.0
2025-11-13 08:20:00+00:00,3120.25,88.0
2025-11-13 08:22:00+00:00,3120.89990234375,9.0
2025-11-13 08:23:00+00:00,3120.699951171875,422.0
2025-11-13 08:24:00+00:00,3122.699951171875,3006.0
2025-11-13 08:25:00+00:00,3120.0,3000.0
2025-11-13 08:26:00+00:00,3119.85009765625,24.0
2025-11-13 08:27:00+00:00,3119.550048828125,2.0
2025-11-13 08:28:00+00:00,3117.0,46.0
2025-11-13 08:29:00+00:00,3115.5,3.0
2025-11-13 08:30:00+00:00,3115.0,238.0
2025-11-13 08:31:00+00:00,3111.5,3075.0
2025-11-13 08:32:00+00:00,3114.699951171875,5759.0
2025-11-13 08:33:00+00:00,3115.0,3008.0
2025-11-13 08:34:00+00:00,3115.0,263.0
2025-11-13 08:35:00+00:00,3113.449951171875,117.0
2025-11-13 08:36:00+00:00,3115.35009765625,3217.0
2025-11-13 08:37:00+00:00,3115.39990234375,8835.0
2025-11-13 08:38:00+00:00,3113.85009765625,1158.0
2025-11-13 08:39:00+00:00,3111.0,141.0
2025-11-13 08:40:00+00:00,3108.10009765625,606.0
2025-11-13 08:41:00+00:00,3108.449951171875,192.0
2025-11-13 08:42:00+00:00,3104.25,697.0
2025-11-13 08:43:00+00:00,3108.25,727.0
2025-11-13 08:44:00+00:00,3107.89990234375,141.0
2025-11-13 08:45:00+00:00,3109.75,56.0
2025-11-13 08:46:00+00:00,3106.14990234375,9085.0
2025-11-13 08:47:00+00:00,3110.10009765625,3137.0
2025-11-13 08:48:00+00:00,3109.60009765625,246.0
2025-11-13 08:49:00+00:00,3111.699951171875,44.0
2025-11-13 08:50:00+00:00,3110.0,1146.0
2025-11-13 08:51:00+00:00,3110.0,2678.0
2025-11-13 08:52:00+00:00,3109.050048828125,1460.0
2025-11-13 08:53:00+00:00,3109.0,2268.0
2025-11-13 08:54:00+00:00,3110.0,2810.0
2025-11-13 08:55:00+00:00,3110.39990234375,374.0
2025-11-13 08:56:00+00:00,3109.0,704.0
2025-11-13 08:57:00+00:00,3110.949951171875,26.0
2025-11-13 08:58:00+00:00,3109.10009765625,6078.0
2025-11-13 08:59:00+00:00,3109.25,6006.0
2025-11-13 09:00:00+00:00,3109.35009765625,131.0
2025-11-13 09:01:00+00:00,3108.75,7.0
2025-11-13 09:02:00+00:00,3108.5,161.0
2025-11-13 09:03:00+00:00,3109.5,54.0
2025-11-13 09:04:00+00:00,3106.35009765625,164.0
2025-11-13 09:05:00+00:00,3107.550048828125,116.0
2025-11-13 09:06:00+00:00,3106.60009765625,2.0
2025-11-13 09:07:00+00:00,3106.39990234375,255.0
2025-11-13 09:08:00+00:00,3105.550048828125,18.0
2025-11-13 09:09:00+00:00,3106.199951171875,29.0
2025-11-13 09:10:00+00:00,3105.550048828125,22.0
2025-11-13 09:11:00+00:00,3108.85009765625,136.0
2025-11-13 09:12:00+00:00,3108.60009765625,4110.0
2025-11-13 09:13:00+00:00,3111.300048828125,4031.0
2025-11-13 09:14:00+00:00,3109.949951171875,91.0
2025-11-13 09:15:00+00:00,3110.0,172.0
2025-11-13 09:16:00+00:00,3111.199951171875,83.0
2025-11-13 09:17:00+00:00,3110.800048828125,239.0
2025-11-13 09:18:00+00:00,3110.35009765625,432.0
2025-11-13 09:19:00+00:00,3110.39990234375,2883.0
2025-11-13 09:20:00+00:00,3109.89990234375,9152.0
2025-11-13 09:21:00+00:00,3108.5,2552.0
2025-11-13 09:22:00+00:00,3108.5,9022.0
2025-11-13 09:23:00+00:00,3106.699951171875,2133.0
2025-11-13 09:24:00+00:00,3108.449951171875,158.0
2025-11-13 09:25:00+00:00,3105.10009765625,3021.0
2025-11-13 09:26:00+00:00,3110.0,16673.0
2025-11-13 09:27:00+00:00,3108.64990234375,652.0
2025-11-13 09:28:00+00:00,3107.0,1880.0
2025-11-13 09:29:00+00:00,3105.5,3245.0
2025-11-13 09:30:00+00:00,3104.800048828125,3035.0
2025-11-13 09:31:00+00:00,3103.5,63.0
2025-11-13 09:32:00+00:00,3102.60009765625,5047.0
2025-11-13 09:33:00+00:00,3104.89990234375,10531.0
2025-11-13 09:34:00+00:00,3105.10009765625,5166.0
2025-11-13 09:35:00+00:00,3103.050048828125,21093.0
2025-11-13 09:36:00+00:00,3104.14990234375,12764.0
2025-11-13 09:37:00+00:00,3104.35009765625,4049.0
2025-11-13 09:38:00+00:00,3104.0,9204.0
2025-11-13 09:39:00+00:00,3105.14990234375,9019.0
2025-11-13 09:40:00+00:00,3102.5,4121.0
2025-11-13 09:41:00+00:00,3106.10009765625,9221.0
2025-11-13 09:42:00+00:00,3102.300048828125,15708.0
2025-11-13 09:43:00+00:00,3103.14990234375,8902.0
2025-11-13 09:44:00+00:00,3106.5,19057.0
2025-11-13 09:45:00+00:00,3113.300048828125,21396.0
2025-11-13 09:46:00+00:00,3114.25,12703.0
2025-11-13 09:47:00+00:00,3104.35009765625,30626.0
2025-11-13 09:48:00+00:00,3106.300048828125,16565.0
2025-11-13 09:49:00+00:00,3104.10009765625,1326.0
2025-11-13 09:50:00+00:00,3108.5,9805.0
2025-11-13 09:51:00+00:00,3103.449951171875,7128.0
2025-11-13 09:52:00+00:00,3103.89990234375,2098.0
2025-11-13 09:53:00+00:00,3104.949951171875,2376.0
2025-11-13 09:54:00+00:00,3104.550048828125,52.0
2025-11-13 09:55:00+00:00,3105.050048828125,516.0
2025-11-13 09:56:00+00:00,3104.0,639.0
2025-11-13 09:57:00+00:00,3104.0,265.0
2025-11-13 09:58:00+00:00,3102.050048828125,96.0
2025-11-13 09:59:00+00:00,3106.14990234375,84.0
